,0,1,2,3,4
0,,,,,
1,무령왕릉 신보고서  Ⅴ   -출토유물2(금속류)-,2019,https://gongju.museum.go.kr/gongju/html/sub4/040202.html?mode=V&mng_no=141608,https://gongju.museum.go.kr/_prog/download/?func_gbn_cd=book&atch=book_img&mng_no=141608&site_dvs_cd=gongju,국립공주박물관
2,"백제 이후, 백제",2015,https://gongju.museum.go.kr/gongju/html/sub4/040202.html?mode=V&mng_no=141607,https://gongju.museum.go.kr/_prog/download/?func_gbn_cd=book&atch=book_img&mng_no=141607&site_dvs_cd=gongju,국립공주박물관
3,"한국의 고대상감, 큰 칼에 아로새긴 최고의 기술",2015,https://gongju.museum.go.kr/gongju/html/sub4/040202.html?mode=V&mng_no=141587,https://gongju.museum.go.kr/_prog/download/?func_gbn_cd=book&atch=book_img&mng_no=141587&site_dvs_cd=gongju,국립공주박물관
4,국립공주박물관의 사계(四季),2016,https://gongju.museum.go.kr/gongju/html/sub4/040202.html?mode=V&mng_no=141567,https://gongju.museum.go.kr/_prog/download/?func_gbn_cd=book&atch=book_img&mng_no=141567&site_dvs_cd=gongju,국립공주박물관
5,국립공주박물관 70주년 특별기념전 충청감영,2016,https://gongju.museum.go.kr/gongju/html/sub4/040202.html?mode=V&mng_no=141547,https://gongju.museum.go.kr/_prog/download/?func_gbn_cd=book&atch=book_img&mng_no=141547&site_dvs_cd=gongju,국립공주박물관
6,무령왕 시대의 동아시아 세계,2014,https://gongju.museum.go.kr/gongju/html/sub4/040202.html?mode=V&mng_no=141528,https://gongju.museum.go.kr/_prog/download/?func_gbn_cd=book&atch=book_img&mng_no=141528&site_dvs_cd=gongju,국립공주박물관
7,"하늘이 내린 살기 좋은 고장, 天下大安(천하대안)",2014,https://gongju.museum.go.kr/gongju/html/sub4/040202.html?mode=V&mng_no=141527,https://gongju.museum.go.kr/_prog/download/?func_gbn_cd=book&atch=book_img&mng_no=141527&site_dvs_cd=gongju,국립공주박물관
8,무령왕릉 신보고서 Ⅱ - 폐쇄전돌-,2013,https://gongju.museum.go.kr/gongju/html/sub4/040202.html?mode=V&mng_no=141467,https://gongju.museum.go.kr/_prog/download/?func_gbn_cd=book&atch=book_img&mng_no=141467&site_dvs_cd=gongju,국립공주박물관
9,國立公州博物館(중국어도록),2019,https://gongju.museum.go.kr/gongju/html/sub4/040202.html?&GotoPage=2?mode=V&mng_no=140808,https://gongju.museum.go.kr/_prog/download/?func_gbn_cd=book&atch=book_img&mng_no=140808&site_dvs_cd=gongju,국립공주박물관
10,공산성 -공주 역사기행 1번지-,2015,https://gongju.museum.go.kr/gongju/html/sub4/040202.html?&GotoPage=2?mode=V&mng_no=140805,https://gongju.museum.go.kr/_prog/download/?func_gbn_cd=book&atch=book_img&mng_no=140805&site_dvs_cd=gongju,국립공주박물관
11,寄贈 문화나눔의 소중한 실천,2015,https://gongju.museum.go.kr/gongju/html/sub4/040202.html?&GotoPage=2?mode=V&mng_no=122780,https://gongju.museum.go.kr/_prog/download/?func_gbn_cd=book&atch=book_img&mng_no=122780&site_dvs_cd=gongju,국립공주박물관
12,國立公州博物館 見どころ,2016,https://gongju.museum.go.kr/gongju/html/sub4/040202.html?&GotoPage=2?mode=V&mng_no=121343,https://gongju.museum.go.kr/_prog/download/?func_gbn_cd=book&atch=book_img&mng_no=121343&site_dvs_cd=gongju,국립공주박물관
13,宋山里 古墳群 基礎資料集,2016,https://gongju.museum.go.kr/gongju/html/sub4/040202.html?&GotoPage=2?mode=V&mng_no=119550,https://gongju.museum.go.kr/_prog/download/?func_gbn_cd=book&atch=book_img&mng_no=119550&site_dvs_cd=gongju,국립공주박물관
14,사진으로 보는 武寧王陵 발굴,2014,https://gongju.museum.go.kr/gongju/html/sub4/040202.html?&GotoPage=2?mode=V&mng_no=118638,https://gongju.museum.go.kr/_prog/download/?func_gbn_cd=book&atch=book_img&mng_no=118638&site_dvs_cd=gongju,국립공주박물관
15,마곡사 근대불화를 만나다,2014,https://gongju.museum.go.kr/gongju/html/sub4/040202.html?&GotoPage=2?mode=V&mng_no=118621,https://gongju.museum.go.kr/_prog/download/?func_gbn_cd=book&atch=book_img&mng_no=118621&site_dvs_cd=gongju,국립공주박물관
16,百濟의 冠,2013,https://gongju.museum.go.kr/gongju/html/sub4/040202.html?&GotoPage=2?mode=V&mng_no=111930,https://gongju.museum.go.kr/_prog/download/?func_gbn_cd=book&atch=book_img&mng_no=111930&site_dvs_cd=gongju,국립공주박물관
17,무령왕릉을 格物하다,2019,https://gongju.museum.go.kr/gongju/html/sub4/040202.html?&GotoPage=3?mode=V&mng_no=110846,https://gongju.museum.go.kr/_prog/download/?func_gbn_cd=book&atch=book_img&mng_no=110846&site_dvs_cd=gongju,국립공주박물관
18,국립공주박물관 들여다보기,2015,https://gongju.museum.go.kr/gongju/html/sub4/040202.html?&GotoPage=3?mode=V&mng_no=110845,https://gongju.museum.go.kr/_prog/download/?func_gbn_cd=book&atch=book_img&mng_no=110845&site_dvs_cd=gongju,국립공주박물관
19,Gongju National Museum,2015,https://gongju.museum.go.kr/gongju/html/sub4/040202.html?&GotoPage=3?mode=V&mng_no=105871,https://gongju.museum.go.kr/_prog/download/?func_gbn_cd=book&atch=book_img&mng_no=105871&site_dvs_cd=gongju,국립공주박물관
20,백제문화 국외조사보고서Ⅶ 중국 육조의 도자,2016,https://gongju.museum.go.kr/gongju/html/sub4/040202.html?&GotoPage=3?mode=V&mng_no=105870,https://gongju.museum.go.kr/_prog/download/?func_gbn_cd=book&atch=book_img&mng_no=105870&site_dvs_cd=gongju,국립공주박물관
21,공주의 명가 2,2016,https://gongju.museum.go.kr/gongju/html/sub4/040202.html?&GotoPage=3?mode=V&mng_no=105869,https://gongju.museum.go.kr/_prog/download/?func_gbn_cd=book&atch=book_img&mng_no=105869&site_dvs_cd=gongju,국립공주박물관
22,마한?백제 사람들의 주거와 삶,2014,https://gongju.museum.go.kr/gongju/html/sub4/040202.html?&GotoPage=3?mode=V&mng_no=101517,https://gongju.museum.go.kr/_prog/download/?func_gbn_cd=book&atch=book_img&mng_no=101517&site_dvs_cd=gongju,국립공주박물관
23,백제의 冠,2014,https://gongju.museum.go.kr/gongju/html/sub4/040202.html?&GotoPage=3?mode=V&mng_no=101516,https://gongju.museum.go.kr/_prog/download/?func_gbn_cd=book&atch=book_img&mng_no=101516&site_dvs_cd=gongju,국립공주박물관
24,"새로운 만남, 百濟의 木器",2013,https://gongju.museum.go.kr/gongju/html/sub4/040202.html?&GotoPage=3?mode=V&mng_no=101515,https://gongju.museum.go.kr/_prog/download/?func_gbn_cd=book&atch=book_img&mng_no=101515&site_dvs_cd=gongju,국립공주박물관
25,국립공주박물관 상설전시도록,2019,https://gongju.museum.go.kr/gongju/html/sub4/040202.html?&GotoPage=4?mode=V&mng_no=101514,https://gongju.museum.go.kr/_prog/download/?func_gbn_cd=book&atch=book_img&mng_no=101514&site_dvs_cd=gongju,국립공주박물관
26,무령왕릉 신보고서Ⅰ -분묘(1)-,2015,https://gongju.museum.go.kr/gongju/html/sub4/040202.html?&GotoPage=4?mode=V&mng_no=101513,https://gongju.museum.go.kr/_prog/download/?func_gbn_cd=book&atch=book_img&mng_no=101513&site_dvs_cd=gongju&thm=Y,국립공주박물관
27,公州의 名家,2015,https://gongju.museum.go.kr/gongju/html/sub4/040202.html?&GotoPage=4?mode=V&mng_no=101512,https://gongju.museum.go.kr/_prog/download/?func_gbn_cd=book&atch=book_img&mng_no=101512&site_dvs_cd=gongju&thm=Y,국립공주박물관
28,금수강산의 삶과 문화 - 대전충남 박물관 미술관 명품전,2016,https://gongju.museum.go.kr/gongju/html/sub4/040202.html?&GotoPage=4?mode=V&mng_no=101510,https://gongju.museum.go.kr/_prog/download/?func_gbn_cd=book&atch=book_img&mng_no=101510&site_dvs_cd=gongju&thm=Y,국립공주박물관
29,근대박물관의 태동-公州와 博物館,2016,https://gongju.museum.go.kr/gongju/html/sub4/040202.html?&GotoPage=4?mode=V&mng_no=52,https://gongju.museum.go.kr/_prog/download/?func_gbn_cd=book&atch=book_img&mng_no=52&site_dvs_cd=gongju&thm=Y,국립공주박물관
30,백제문화 해외조사보고서 Ⅵ,2014,https://gongju.museum.go.kr/gongju/html/sub4/040202.html?&GotoPage=4?mode=V&mng_no=51,https://gongju.museum.go.kr/_prog/download/?func_gbn_cd=book&atch=book_img&mng_no=51&site_dvs_cd=gongju&thm=Y,국립공주박물관
31,武寧王陵 基礎資料集,2014,https://gongju.museum.go.kr/gongju/html/sub4/040202.html?&GotoPage=4?mode=V&mng_no=50,https://gongju.museum.go.kr/_prog/download/?func_gbn_cd=book&atch=book_img&mng_no=50&site_dvs_cd=gongju&thm=Y,국립공주박물관
32,백토에 핀 철화의 향연 鷄龍山 粉靑沙器,2013,https://gongju.museum.go.kr/gongju/html/sub4/040202.html?&GotoPage=4?mode=V&mng_no=49,https://gongju.museum.go.kr/_prog/download/?func_gbn_cd=book&atch=book_img&mng_no=49&site_dvs_cd=gongju&thm=Y,국립공주박물관
33,2007 기획특별전 鷄龍山,2007,https://gongju.museum.go.kr/gongju/html/sub4/040202.html?&GotoPage=5?mode=V&mng_no=48,https://gongju.museum.go.kr/_prog/download/?func_gbn_cd=book&atch=book_img&mng_no=48&site_dvs_cd=gongju&thm=Y,국립공주박물관
34,武寧王陵 -출토유물분석보고서Ⅱ,2019,https://gongju.museum.go.kr/gongju/html/sub4/040202.html?&GotoPage=5?mode=V&mng_no=47,https://gongju.museum.go.kr/_prog/download/?func_gbn_cd=book&atch=book_img&mng_no=47&site_dvs_cd=gongju&thm=Y,국립공주박물관
35,4~5세기 백제유물 특별전 한성에서 웅진으로,2015,https://gongju.museum.go.kr/gongju/html/sub4/040202.html?&GotoPage=5?mode=V&mng_no=46,https://gongju.museum.go.kr/_prog/download/?func_gbn_cd=book&atch=book_img&mng_no=46&site_dvs_cd=gongju&thm=Y,국립공주박물관
36,국립공주박물관기요 제5집,2015,https://gongju.museum.go.kr/gongju/html/sub4/040202.html?&GotoPage=5?mode=V&mng_no=45,https://gongju.museum.go.kr/_prog/download/?func_gbn_cd=book&atch=book_img&mng_no=45&site_dvs_cd=gongju&thm=Y,국립공주박물관
37,오백년만의 해후-순천박씨 기증유물 특별전,2016,https://gongju.museum.go.kr/gongju/html/sub4/040202.html?&GotoPage=5?mode=V&mng_no=44,https://gongju.museum.go.kr/_prog/download/?func_gbn_cd=book&atch=book_img&mng_no=44&site_dvs_cd=gongju&thm=Y,국립공주박물관
38,武寧王陵-출토 유물 분석 보고서(Ⅰ)-,2016,https://gongju.museum.go.kr/gongju/html/sub4/040202.html?&GotoPage=5?mode=V&mng_no=43,https://gongju.museum.go.kr/_prog/download/?func_gbn_cd=book&atch=book_img&mng_no=43&site_dvs_cd=gongju&thm=Y,국립공주박물관
39,백제문화 해외조사 보고서Ⅴ-中國 江蘇省 · 安徽省 · 浙江省-,2014,https://gongju.museum.go.kr/gongju/html/sub4/040202.html?&GotoPage=5?mode=V&mng_no=42,https://gongju.museum.go.kr/_prog/download/?func_gbn_cd=book&atch=book_img&mng_no=42&site_dvs_cd=gongju&thm=Y,국립공주박물관
40,古代의 王京과 王宮,2014,https://gongju.museum.go.kr/gongju/html/sub4/040202.html?&GotoPage=5?mode=V&mng_no=41,https://gongju.museum.go.kr/_prog/download/?func_gbn_cd=book&atch=book_img&mng_no=41&site_dvs_cd=gongju&thm=Y,국립공주박물관
41,금강의 구석기 문화,2013,https://gongju.museum.go.kr/gongju/html/sub4/040202.html/_prog/download/?&GotoPage=6?mode=V&mng_no=40,https://gongju.museum.go.kr/_prog/download/?func_gbn_cd=book&atch=book_img&mng_no=40&site_dvs_cd=gongju&thm=Y,국립공주박물관
42,國立公州博勿館 紀要 第4輯,2019,https://gongju.museum.go.kr/gongju/html/sub4/040202.html/_prog/download/?&GotoPage=6?mode=V&mng_no=39,https://gongju.museum.go.kr/_prog/download/?func_gbn_cd=book&atch=book_img&mng_no=39&site_dvs_cd=gongju&thm=Y,국립공주박물관
43,日本所在 百濟文化財 調査報告書 Ⅳ,2015,https://gongju.museum.go.kr/gongju/html/sub4/040202.html/_prog/download/?&GotoPage=6?mode=V&mng_no=38,https://gongju.museum.go.kr/_prog/download/?func_gbn_cd=book&atch=book_img&mng_no=38&site_dvs_cd=gongju&thm=Y,국립공주박물관
44,고구려 고분벽화 모사도-자랑스런 우리의 세계문화유산,2015,https://gongju.museum.go.kr/gongju/html/sub4/040202.html/_prog/download/?&GotoPage=6?mode=V&mng_no=37,https://gongju.museum.go.kr/_prog/download/?func_gbn_cd=book&atch=book_img&mng_no=37&site_dvs_cd=gongju&thm=Y,국립공주박물관
45,우리문화에 피어난 연꽃,2016,https://gongju.museum.go.kr/gongju/html/sub4/040202.html/_prog/download/?&GotoPage=6?mode=V&mng_no=36,https://gongju.museum.go.kr/_prog/download/?func_gbn_cd=book&atch=book_img&mng_no=36&site_dvs_cd=gongju&thm=Y,국립공주박물관
46,국립공주박물관,2016,https://gongju.museum.go.kr/gongju/html/sub4/040202.html/_prog/download/?&GotoPage=6?mode=V&mng_no=35,https://gongju.museum.go.kr/_prog/download/?func_gbn_cd=book&atch=book_img&mng_no=35&site_dvs_cd=gongju&thm=Y,국립공주박물관
47,국립공주박물관 기요 제3집,2014,https://gongju.museum.go.kr/gongju/html/sub4/040202.html/_prog/download/?&GotoPage=6?mode=V&mng_no=34,https://gongju.museum.go.kr/_prog/download/?func_gbn_cd=book&atch=book_img&mng_no=34&site_dvs_cd=gongju&thm=Y,국립공주박물관
48,日本所在 百濟文化財 調査報告書Ⅲ,2014,https://gongju.museum.go.kr/gongju/html/sub4/040202.html/_prog/download/?&GotoPage=6?mode=V&mng_no=33,https://gongju.museum.go.kr/_prog/download/?func_gbn_cd=book&atch=book_img&mng_no=33&site_dvs_cd=gongju&thm=Y,국립공주박물관
49,國立公州博物館 紀要 第 二輯,2013,https://gongju.museum.go.kr/gongju/html/sub4/040202.html?&GotoPage=7?mode=V&mng_no=32,https://gongju.museum.go.kr/_prog/download/?func_gbn_cd=book&atch=book_img&mng_no=32&site_dvs_cd=gongju&thm=Y,국립공주박물관
50,公州 水村里 土城Ⅰ,2019,https://gongju.museum.go.kr/gongju/html/sub4/040202.html?&GotoPage=7?mode=V&mng_no=31,https://gongju.museum.go.kr/_prog/download/?func_gbn_cd=book&atch=book_img&mng_no=31&site_dvs_cd=gongju&thm=Y,국립공주박물관
51,사진으로 보는 錦江,2015,https://gongju.museum.go.kr/gongju/html/sub4/040202.html?&GotoPage=7?mode=V&mng_no=30,https://gongju.museum.go.kr/_prog/download/?func_gbn_cd=book&atch=book_img&mng_no=30&site_dvs_cd=gongju&thm=Y,국립공주박물관
52,금강-최근 발굴 10년사-,2015,https://gongju.museum.go.kr/gongju/html/sub4/040202.html?&GotoPage=7?mode=V&mng_no=29,https://gongju.museum.go.kr/_prog/download/?func_gbn_cd=book&atch=book_img&mng_no=29&site_dvs_cd=gongju&thm=Y,국립공주박물관
53,Gongju National Museum,2016,https://gongju.museum.go.kr/gongju/html/sub4/040202.html?&GotoPage=7?mode=V&mng_no=28,https://gongju.museum.go.kr/_prog/download/?func_gbn_cd=book&atch=book_img&mng_no=28&site_dvs_cd=gongju&thm=Y,국립공주박물관
54,武寧王陵과 東亞細亞文化,2016,https://gongju.museum.go.kr/gongju/html/sub4/040202.html?&GotoPage=7?mode=V&mng_no=27,https://gongju.museum.go.kr/_prog/download/?func_gbn_cd=book&atch=book_img&mng_no=27&site_dvs_cd=gongju&thm=Y,국립공주박물관
55,公州 南山里 墳墓群,2014,https://gongju.museum.go.kr/gongju/html/sub4/040202.html?&GotoPage=7?mode=V&mng_no=26,https://gongju.museum.go.kr/_prog/download/?func_gbn_cd=book&atch=book_img&mng_no=26&site_dvs_cd=gongju&thm=Y,국립공주박물관
56,"百濟 斯麻王 - 무령왕릉발굴, 그 후 30년의 발자취",2014,https://gongju.museum.go.kr/gongju/html/sub4/040202.html?&GotoPage=7?mode=V&mng_no=25,https://gongju.museum.go.kr/_prog/download/?func_gbn_cd=book&atch=book_img&mng_no=25&site_dvs_cd=gongju&thm=Y,국립공주박물관
57,國立公州博物館紀要,2013,https://gongju.museum.go.kr/gongju/html/sub4/040202.html?&GotoPage=8?mode=V&mng_no=24,https://gongju.museum.go.kr/_prog/download/?func_gbn_cd=book&atch=book_img&mng_no=24&site_dvs_cd=gongju&thm=Y,국립공주박물관
58,日本所在 百濟文化財 調査報告書Ⅱ,2019,https://gongju.museum.go.kr/gongju/html/sub4/040202.html?&GotoPage=8?mode=V&mng_no=23,https://gongju.museum.go.kr/_prog/download/?func_gbn_cd=book&atch=book_img&mng_no=23&site_dvs_cd=gongju&thm=Y,국립공주박물관
59,만화로 보는 국립공주박물관,2015,https://gongju.museum.go.kr/gongju/html/sub4/040202.html?&GotoPage=8?mode=V&mng_no=22,https://gongju.museum.go.kr/_prog/download/?func_gbn_cd=book&atch=book_img&mng_no=22&site_dvs_cd=gongju&thm=Y,국립공주박물관
60,백제로의 시간여행,2015,https://gongju.museum.go.kr/gongju/html/sub4/040202.html?&GotoPage=8?mode=V&mng_no=21,https://gongju.museum.go.kr/_prog/download/?func_gbn_cd=book&atch=book_img&mng_no=21&site_dvs_cd=gongju&thm=Y,국립공주박물관
61,백제를 찾아서,2016,https://gongju.museum.go.kr/gongju/html/sub4/040202.html?&GotoPage=8?mode=V&mng_no=20,https://gongju.museum.go.kr/gongju/img/prog/no-img.jpg,국립공주박물관
62,文化遺蹟地表調査 結果報告書,2016,https://gongju.museum.go.kr/gongju/html/sub4/040202.html?&GotoPage=8?mode=V&mng_no=19,https://gongju.museum.go.kr/_prog/download/?func_gbn_cd=book&atch=book_img&mng_no=19&site_dvs_cd=gongju&thm=Y,국립공주박물관
63,日本所在 百濟文化財 調査報告書Ⅰ,2014,https://gongju.museum.go.kr/gongju/html/sub4/040202.html?&GotoPage=8?mode=V&mng_no=18,https://gongju.museum.go.kr/_prog/download/?func_gbn_cd=book&atch=book_img&mng_no=18&site_dvs_cd=gongju&thm=Y,국립공주박물관
64,博物館物語(박물관이야기 일어판),2014,https://gongju.museum.go.kr/gongju/html/sub4/040202.html?&GotoPage=8?mode=V&mng_no=17,https://gongju.museum.go.kr/_prog/download/?func_gbn_cd=book&atch=book_img&mng_no=17&site_dvs_cd=gongju&thm=Y,국립공주박물관
65,艇止山,2013,https://gongju.museum.go.kr/gongju/html/sub4/040202.html?&GotoPage=9?mode=V&mng_no=16,https://gongju.museum.go.kr/_prog/download/?func_gbn_cd=book&atch=book_img&mng_no=16&site_dvs_cd=gongju&thm=Y,국립공주박물관
66,大田 月坪洞遺蹟,2019,https://gongju.museum.go.kr/gongju/html/sub4/040202.html?&GotoPage=9?mode=V&mng_no=15,https://gongju.museum.go.kr/_prog/download/?func_gbn_cd=book&atch=book_img&mng_no=15&site_dvs_cd=gongju&thm=Y,국립공주박물관
67,국립공주박물관,2015,https://gongju.museum.go.kr/gongju/html/sub4/040202.html?&GotoPage=9?mode=V&mng_no=14,https://gongju.museum.go.kr/_prog/download/?func_gbn_cd=book&atch=book_img&mng_no=14&site_dvs_cd=gongju&thm=Y,국립공주박물관
68,박물관이야기,2015,https://gongju.museum.go.kr/gongju/html/sub4/040202.html?&GotoPage=9?mode=V&mng_no=13,https://gongju.museum.go.kr/_prog/download/?func_gbn_cd=book&atch=book_img&mng_no=13&site_dvs_cd=gongju&thm=Y,국립공주박물관
69,국립공주박물관 -무령왕릉-,2016,https://gongju.museum.go.kr/gongju/html/sub4/040202.html?&GotoPage=9?mode=V&mng_no=12,https://gongju.museum.go.kr/_prog/download/?func_gbn_cd=book&atch=book_img&mng_no=12&site_dvs_cd=gongju&thm=Y,국립공주박물관
70,국립공주박물관 -무령왕릉-,2016,https://gongju.museum.go.kr/gongju/html/sub4/040202.html?&GotoPage=9?mode=V&mng_no=11,https://gongju.museum.go.kr/_prog/download/?func_gbn_cd=book&atch=book_img&mng_no=11&site_dvs_cd=gongju&thm=Y,국립공주박물관
71,下鳳里Ⅰ,2014,https://gongju.museum.go.kr/gongju/html/sub4/040202.html?&GotoPage=9?mode=V&mng_no=10,https://gongju.museum.go.kr/_prog/download/?func_gbn_cd=book&atch=book_img&mng_no=10&site_dvs_cd=gongju&thm=Y,국립공주박물관
72,天安 南山里 高麗墓,2014,https://gongju.museum.go.kr/gongju/html/sub4/040202.html?&GotoPage=9?mode=V&mng_no=9,https://gongju.museum.go.kr/_prog/download/?func_gbn_cd=book&atch=book_img&mng_no=9&site_dvs_cd=gongju&thm=Y,국립공주박물관
73,南穴寺址,2013,https://gongju.museum.go.kr/gongju/html/sub4/040202.html?&GotoPage=10?mode=V&mng_no=8,https://gongju.museum.go.kr/_prog/download/?func_gbn_cd=book&atch=book_img&mng_no=8&site_dvs_cd=gongju&thm=Y,국립공주박물관
74,松菊里Ⅴ,2013,https://gongju.museum.go.kr/gongju/html/sub4/040202.html?&GotoPage=10?mode=V&mng_no=7,https://gongju.museum.go.kr/_prog/download/?func_gbn_cd=book&atch=book_img&mng_no=7&site_dvs_cd=gongju&thm=Y,국립공주박물관
75,天安 花城里 百濟墓,2013,https://gongju.museum.go.kr/gongju/html/sub4/040202.html?&GotoPage=10?mode=V&mng_no=6,https://gongju.museum.go.kr/_prog/download/?func_gbn_cd=book&atch=book_img&mng_no=6&site_dvs_cd=gongju&thm=Y,국립공주박물관
76,龜甲文과 鬼面文,2013,https://gongju.museum.go.kr/gongju/html/sub4/040202.html?&GotoPage=10?mode=V&mng_no=5,https://gongju.museum.go.kr/_prog/download/?func_gbn_cd=book&atch=book_img&mng_no=5&site_dvs_cd=gongju&thm=Y,국립공주박물관
77,百濟古墳出土 遺物特別展,2013,https://gongju.museum.go.kr/gongju/html/sub4/040202.html?&GotoPage=10?mode=V&mng_no=4,https://gongju.museum.go.kr/_prog/download/?func_gbn_cd=book&atch=book_img&mng_no=4&site_dvs_cd=gongju&thm=Y,국립공주박물관
78,百濟瓦當 特別展,2013,https://gongju.museum.go.kr/gongju/html/sub4/040202.html?&GotoPage=10?mode=V&mng_no=3,https://gongju.museum.go.kr/_prog/download/?func_gbn_cd=book&atch=book_img&mng_no=3&site_dvs_cd=gongju&thm=Y,국립공주박물관
79,公州博物館圖錄 -公州博物館과 公州의 遺蹟,2013,https://gongju.museum.go.kr/gongju/html/sub4/040202.html?&GotoPage=10?mode=V&mng_no=2,https://gongju.museum.go.kr/_prog/download/?func_gbn_cd=book&atch=book_img&mng_no=2&site_dvs_cd=gongju&thm=Y,국립공주박물관
80,百濟武寧王陵遺寶 -新築開館展示-,2013,https://gongju.museum.go.kr/gongju/html/sub4/040202.html?&GotoPage=10?mode=V&mng_no=1,https://gongju.museum.go.kr/_prog/download/?func_gbn_cd=book&atch=book_img&mng_no=1&site_dvs_cd=gongju&thm=Y,국립공주박물관
81,전라천년,2018,https://gwangju.museum.go.krhttps://gwangju.museum.go.kr/prog/dspyAlbum/kor/sub02_05/view.do,https://gwangju.museum.go.kr/cmm/fms/getImage.do?atchFileId=FILE_000000008421Md0&fileSn=0&kind=920,국립광주박물관
82,금용 일섭,2018,https://gwangju.museum.go.krhttps://gwangju.museum.go.kr/prog/dspyAlbum/kor/sub02_05/view.do,https://gwangju.museum.go.kr/cmm/fms/getImage.do?atchFileId=FILE_000000007197Rt8&fileSn=0&kind=920,국립광주박물관
83,왕이 사랑한 보물,2017,https://gwangju.museum.go.krhttps://gwangju.museum.go.kr/prog/dspyAlbum/kor/sub02_05/view.do,https://gwangju.museum.go.kr/cmm/fms/getImage.do?atchFileId=FILE_000000007196Sx6&fileSn=0&kind=920,국립광주박물관
84,마음이 곧 부처 卽心是佛,2017,https://gwangju.museum.go.krhttps://gwangju.museum.go.kr/prog/dspyAlbum/kor/sub02_05/view.do,https://gwangju.museum.go.kr/cmm/fms/getImage.do?atchFileId=FILE_000000007195Ml2&fileSn=0&kind=920,국립광주박물관
85,흙 속에서 발견한 역사의 조각들,2017,https://gwangju.museum.go.krhttps://gwangju.museum.go.kr/prog/dspyAlbum/kor/sub02_05/view.do,https://gwangju.museum.go.kr/cmm/fms/getImage.do?atchFileId=FILE_000000007194Jl6&fileSn=0&kind=920,국립광주박물관
86,흙으로 빚은 조선의 제기,2016,https://gwangju.museum.go.krhttps://gwangju.museum.go.kr/prog/dspyAlbum/kor/sub02_05/view.do,https://gwangju.museum.go.kr/cmm/fms/getImage.do?atchFileId=FILE_000000007193Ch4&fileSn=0&kind=920,국립광주박물관
87,신안해저선에서 찾아낸 것들,2016,https://gwangju.museum.go.krhttps://gwangju.museum.go.kr/prog/dspyAlbum/kor/sub02_05/view.do,https://gwangju.museum.go.kr/cmm/fms/getImage.do?atchFileId=FILE_000000007192Qc7&fileSn=0&kind=920,국립광주박물관
88,"세계유산 고인돌, 큰 무덤을 만들다",2016,https://gwangju.museum.go.krhttps://gwangju.museum.go.kr/prog/dspyAlbum/kor/sub02_05/view.do,https://gwangju.museum.go.kr/cmm/fms/getImage.do?atchFileId=FILE_000000007191Xj2&fileSn=0&kind=920,국립광주박물관
89,의재 허백련,2015,https://gwangju.museum.go.krhttps://gwangju.museum.go.kr/prog/dspyAlbum/kor/sub02_05/view.do,https://gwangju.museum.go.kr/cmm/fms/getImage.do?atchFileId=FILE_000000007190Vk2&fileSn=0&kind=920,국립광주박물관
90,담양潭陽,2015,https://gwangju.museum.go.krhttps://gwangju.museum.go.kr/prog/dspyAlbum/kor/sub02_05/view.do,https://gwangju.museum.go.kr/cmm/fms/getImage.do?atchFileId=FILE_000000007189Jw1&fileSn=0&kind=920,국립광주박물관
91,아시아의 불교미술,2015,https://gwangju.museum.go.krhttps://gwangju.museum.go.kr/prog/dspyAlbum/kor/sub02_05/view.do,https://gwangju.museum.go.kr/cmm/fms/getImage.do?atchFileId=FILE_000000007188Sf5&fileSn=0&kind=920,국립광주박물관
92,조선청화 푸른빛에 물들다,2015,https://gwangju.museum.go.krhttps://gwangju.museum.go.kr/prog/dspyAlbum/kor/sub02_05/view.do,https://gwangju.museum.go.kr/cmm/fms/getImage.do?atchFileId=FILE_000000007187Fj1&fileSn=0&kind=920,국립광주박물관
93,공재 윤두서 ;소도록,2014,https://gwangju.museum.go.krhttps://gwangju.museum.go.kr/prog/dspyAlbum/kor/sub02_05/view.do,https://gwangju.museum.go.kr/cmm/fms/getImage.do?atchFileId=FILE_000000007186Ue5&fileSn=0&kind=920,국립광주박물관
94,공재 윤두서 ;대도록,2014,https://gwangju.museum.go.krhttps://gwangju.museum.go.kr/prog/dspyAlbum/kor/sub02_05/view.do,https://gwangju.museum.go.kr/cmm/fms/getImage.do?atchFileId=FILE_000000007185Vl7&fileSn=0&kind=920,국립광주박물관
95,남도문화전V - 高興고흥,2014,https://gwangju.museum.go.krhttps://gwangju.museum.go.kr/prog/dspyAlbum/kor/sub02_05/view.do,https://gwangju.museum.go.kr/cmm/fms/getImage.do?atchFileId=FILE_000000007184Jy5&fileSn=0&kind=920,국립광주박물관
96,"대숲에 부는 바람, 風竹",2013,https://gwangju.museum.go.krhttps://gwangju.museum.go.kr/prog/dspyAlbum/kor/sub02_05/view.do,https://gwangju.museum.go.kr/cmm/fms/getImage.do?atchFileId=FILE_000000007183Cs1&fileSn=0&kind=920,국립광주박물관
97,무등산 분청사기,2013,https://gwangju.museum.go.krhttps://gwangju.museum.go.kr/prog/dspyAlbum/kor/sub02_05/view.do,https://gwangju.museum.go.kr/cmm/fms/getImage.do?atchFileId=FILE_000000007182Ka2&fileSn=0&kind=920,국립광주박물관
98,남도문화전Ⅳ-順天순천,2013,https://gwangju.museum.go.krhttps://gwangju.museum.go.kr/prog/dspyAlbum/kor/sub02_05/view.do,https://gwangju.museum.go.kr/cmm/fms/getImage.do?atchFileId=FILE_000000007181Gg5&fileSn=0&kind=920,국립광주박물관
99,"2,000년 전의 타임캡슐",2012,https://gwangju.museum.go.krhttps://gwangju.museum.go.kr/prog/dspyAlbum/kor/sub02_05/view.do,https://gwangju.museum.go.kr/cmm/fms/getImage.do?atchFileId=FILE_000000011628Wz0&fileSn=0&kind=920,국립광주박물관
100,절강성의 보물,2012,https://gwangju.museum.go.krhttps://gwangju.museum.go.kr/prog/dspyAlbum/kor/sub02_05/view.do,https://gwangju.museum.go.kr/cmm/fms/getImage.do?atchFileId=FILE_000000011629Od4&fileSn=0&kind=920,국립광주박물관
101,남도문화전Ⅲ - 강진,2012,https://gwangju.museum.go.krhttps://gwangju.museum.go.kr/prog/dspyAlbum/kor/sub02_05/view.do,https://gwangju.museum.go.kr/cmm/fms/getImage.do?atchFileId=FILE_000000007175Eb8&fileSn=0&kind=920,국립광주박물관
102,耽津崔氏(탐진최씨) 기증유물전,2012,https://gwangju.museum.go.krhttps://gwangju.museum.go.kr/prog/dspyAlbum/kor/sub02_05/view.do,https://gwangju.museum.go.kr/cmm/fms/getImage.do?atchFileId=FILE_000000007174Zs8&fileSn=0&kind=920,국립광주박물관
103,남도문화전Ⅱ - 光陽광양,2011,https://gwangju.museum.go.krhttps://gwangju.museum.go.kr/prog/dspyAlbum/kor/sub02_05/view.do,https://gwangju.museum.go.kr/cmm/fms/getImage.do?atchFileId=FILE_000000011630Fj8&fileSn=0&kind=920,국립광주박물관
104,無等-무등산展,2011,https://gwangju.museum.go.krhttps://gwangju.museum.go.kr/prog/dspyAlbum/kor/sub02_05/view.do,https://gwangju.museum.go.kr/cmm/fms/getImage.do?atchFileId=FILE_000000011631Pi5&fileSn=0&kind=920,국립광주박물관
105,국립광주박물관,2010,https://gwangju.museum.go.krhttps://gwangju.museum.go.kr/prog/dspyAlbum/kor/sub02_05/view.do,https://gwangju.museum.go.kr/cmm/fms/getImage.do?atchFileId=FILE_000000011632Fx3&fileSn=0&kind=920,국립광주박물관
106,바람을 부르는 새,2010,https://gwangju.museum.go.krhttps://gwangju.museum.go.kr/prog/dspyAlbum/kor/sub02_05/view.do,https://gwangju.museum.go.kr/cmm/fms/getImage.do?atchFileId=FILE_000000011633Of8&fileSn=0&kind=920,국립광주박물관
107,문화재와 보존과학,2010,https://gwangju.museum.go.krhttps://gwangju.museum.go.kr/prog/dspyAlbum/kor/sub02_05/view.do,https://gwangju.museum.go.kr/cmm/fms/getImage.do?atchFileId=FILE_000000011639Xo1&fileSn=0&kind=920,국립광주박물관
108,국립광주박물관 30년,2009,https://gwangju.museum.go.krhttps://gwangju.museum.go.kr/prog/dspyAlbum/kor/sub02_05/view.do,https://gwangju.museum.go.kr/cmm/fms/getImage.do?atchFileId=FILE_000000011634Ia5&fileSn=0&kind=920,국립광주박물관
109,"藝鄕의 寶庫, 광주전남 박물관·미술관 연합전",2009,https://gwangju.museum.go.krhttps://gwangju.museum.go.kr/prog/dspyAlbum/kor/sub02_05/view.do,https://gwangju.museum.go.kr/cmm/fms/getImage.do?atchFileId=FILE_000000011638Tj5&fileSn=0&kind=920,국립광주박물관
110,探梅탐매 -그림으로 피어난 매화-,2008,https://gwangju.museum.go.krhttps://gwangju.museum.go.kr/prog/dspyAlbum/kor/sub02_05/view.do,https://gwangju.museum.go.kr/cmm/fms/getImage.do?atchFileId=FILE_000000011635Gd0&fileSn=0&kind=920,국립광주박물관
111,광주 유구한 문화의 도시,2008,https://gwangju.museum.go.krhttps://gwangju.museum.go.kr/prog/dspyAlbum/kor/sub02_05/view.do,https://gwangju.museum.go.kr/cmm/fms/getImage.do?atchFileId=FILE_000000007149Pk5&fileSn=0&kind=920,국립광주박물관
112,남종화의 거장 소치 허련 200년,2008,https://gwangju.museum.go.krhttps://gwangju.museum.go.kr/prog/dspyAlbum/kor/sub02_05/view.do,https://gwangju.museum.go.kr/cmm/fms/getImage.do?atchFileId=FILE_000000007148Yf8&fileSn=0&kind=920,국립광주박물관
113,기록으로 본 조선시대 사회문화,2008,https://gwangju.museum.go.krhttps://gwangju.museum.go.kr/prog/dspyAlbum/kor/sub02_05/view.do,https://gwangju.museum.go.kr/cmm/fms/getImage.do?atchFileId=FILE_000000007147Rt8&fileSn=0&kind=920,국립광주박물관
114,사진으로 보는 중앙아시아 초원과 오아시스,2008,https://gwangju.museum.go.krhttps://gwangju.museum.go.kr/prog/dspyAlbum/kor/sub02_05/view.do,https://gwangju.museum.go.kr/cmm/fms/getImage.do?atchFileId=FILE_000000007146Gk6&fileSn=0&kind=920,국립광주박물관
115,화순 대곡리유적 발국 속보전 다시 태어난 청동 국보,2008,https://gwangju.museum.go.krhttps://gwangju.museum.go.kr/prog/dspyAlbum/kor/sub02_05/view.do,https://gwangju.museum.go.kr/cmm/fms/getImage.do?atchFileId=FILE_000000007145Gb8&fileSn=0&kind=920,국립광주박물관
116,사호송수면의 회화세계,2007,https://gwangju.museum.go.krhttps://gwangju.museum.go.kr/prog/dspyAlbum/kor/sub02_05/view.do,https://gwangju.museum.go.kr/cmm/fms/getImage.do?atchFileId=FILE_000000007144Hx3&fileSn=0&kind=920,국립광주박물관
117,"사경변상도의 세계, 부처 그리고 마음",2007,https://gwangju.museum.go.krhttps://gwangju.museum.go.kr/prog/dspyAlbum/kor/sub02_05/view.do,https://gwangju.museum.go.kr/cmm/fms/getImage.do?atchFileId=FILE_000000007143Rp4&fileSn=0&kind=920,국립광주박물관
118,하서 김인후와 필암서원,2007,https://gwangju.museum.go.krhttps://gwangju.museum.go.kr/prog/dspyAlbum/kor/sub02_05/view.do,https://gwangju.museum.go.kr/cmm/fms/getImage.do?atchFileId=FILE_000000007142Gt0&fileSn=0&kind=920,국립광주박물관
119,"푸른 남해, 안도패총 6000년'발굴 속보전",2007,https://gwangju.museum.go.krhttps://gwangju.museum.go.kr/prog/dspyAlbum/kor/sub02_05/view.do,https://gwangju.museum.go.kr/cmm/fms/getImage.do?atchFileId=FILE_000000007141Ix3&fileSn=0&kind=920,국립광주박물관
120,사진으로 본 고인돌의 세계,2007,https://gwangju.museum.go.krhttps://gwangju.museum.go.kr/prog/dspyAlbum/kor/sub02_05/view.do,https://gwangju.museum.go.kr/cmm/fms/getImage.do?atchFileId=FILE_000000007135Pi1&fileSn=0&kind=920,국립광주박물관
121,고고학이 찾아 낸 비단벌레의 신비,2007,https://gwangju.museum.go.krhttps://gwangju.museum.go.kr/prog/dspyAlbum/kor/sub02_05/view.do,https://gwangju.museum.go.kr/cmm/fms/getImage.do?atchFileId=FILE_000000007132Tq9&fileSn=0&kind=920,국립광주박물관
122,朝鮮詩代 山水畵,2004,https://gwangju.museum.go.krhttps://gwangju.museum.go.kr/prog/dspyAlbum/kor/sub02_05/view.do,https://gwangju.museum.go.kr/cmm/fms/getImage.do?atchFileId=FILE_000000011636Eu6&fileSn=0&kind=920,국립광주박물관
123,빛을그린화가 오지호,2003,https://gwangju.museum.go.krhttps://gwangju.museum.go.kr/prog/dspyAlbum/kor/sub02_05/view.do,https://gwangju.museum.go.kr/cmm/fms/getImage.do?atchFileId=FILE_000000007130Kh0&fileSn=0&kind=920,국립광주박물관
124,국립광주박물관,2003,https://gwangju.museum.go.krhttps://gwangju.museum.go.kr/prog/dspyAlbum/kor/sub02_05/view.do,https://gwangju.museum.go.kr/cmm/fms/getImage.do?atchFileId=FILE_000000007127Et2&fileSn=0&kind=920,국립광주박물관
125,朝鮮時代風俗畵,2002,https://gwangju.museum.go.krhttps://gwangju.museum.go.kr/prog/dspyAlbum/kor/sub02_05/view.do,https://gwangju.museum.go.kr/cmm/fms/getImage.do?atchFileId=FILE_000000011637Bm0&fileSn=0&kind=920,국립광주박물관
126,국립광주박물관,1990,https://gwangju.museum.go.krhttps://gwangju.museum.go.kr/prog/dspyAlbum/kor/sub02_05/view.do,https://gwangju.museum.go.kr/cmm/fms/getImage.do?atchFileId=FILE_000000007125Si7&fileSn=0&kind=920,국립광주박물관
127,국립광주박물관 도록,1978,https://gwangju.museum.go.krhttps://gwangju.museum.go.kr/prog/dspyAlbum/kor/sub02_05/view.do,https://gwangju.museum.go.kr/cmm/fms/getImage.do?atchFileId=FILE_000000007124Jv9&fileSn=0&kind=920,국립광주박물관
128,湖南의 傳統繪畵,1984,https://gwangju.museum.go.krhttps://gwangju.museum.go.kr/prog/dspyAlbum/kor/sub02_05/view.do,https://gwangju.museum.go.kr/cmm/fms/getImage.do?atchFileId=FILE_000000006831Fy0&fileSn=0&kind=920,국립광주박물관
129,아름다운 순간: 중국 광시 복식문화,2019,https://daegu.museum.go.kr/brdcust/boardcustView.do?menu_nix=2V8ztmk2&brd_id=BDIDX_7S6v5WJdMI9M68tXV3364o,https://daegu.museum.go.kr/atchfile/imageAtchfile.do?atckey_1st=BDIDX_7S6v5WJdMI9M68tXV3364o&atckey_2nd=47&atckey_3rd=1&atckey_4th=768421,국립대구박물관
130,"이영희 기증 복식, 새바람",2019,https://daegu.museum.go.kr/brdcust/boardcustView.do?menu_nix=2V8ztmk2&brd_id=BDIDX_7S6v5WJdMI9M68tXV3364o,https://daegu.museum.go.kr/atchfile/imageAtchfile.do?atckey_1st=BDIDX_7S6v5WJdMI9M68tXV3364o&atckey_2nd=46&atckey_3rd=1&atckey_4th=768421,국립대구박물관
131,"여성 한복, 근대를 만나다",2018,https://daegu.museum.go.kr/brdcust/boardcustView.do?menu_nix=2V8ztmk2&brd_id=BDIDX_7S6v5WJdMI9M68tXV3364o,https://daegu.museum.go.kr/atchfile/imageAtchfile.do?atckey_1st=BDIDX_7S6v5WJdMI9M68tXV3364o&atckey_2nd=45&atckey_3rd=1&atckey_4th=768421,국립대구박물관
132,금호강과 길,2018,https://daegu.museum.go.kr/brdcust/boardcustView.do?menu_nix=2V8ztmk2&brd_id=BDIDX_7S6v5WJdMI9M68tXV3364o,https://daegu.museum.go.kr/atchfile/imageAtchfile.do?atckey_1st=BDIDX_7S6v5WJdMI9M68tXV3364o&atckey_2nd=44&atckey_3rd=1&atckey_4th=768421,국립대구박물관
133,손끝으로 보는 우리 문화,2017,https://daegu.museum.go.kr/brdcust/boardcustView.do?menu_nix=2V8ztmk2&brd_id=BDIDX_7S6v5WJdMI9M68tXV3364o,https://daegu.museum.go.kr/atchfile/imageAtchfile.do?atckey_1st=BDIDX_7S6v5WJdMI9M68tXV3364o&atckey_2nd=42&atckey_3rd=1&atckey_4th=768421,국립대구박물관
134,사신이 호위하사 백제 능산리 1호 동하총,2019,http://buyeo.museum.go.kr/brdbook/boardbookView.do?menu_nix=GPSO032A&brd_id=BDIDX_c55MrVx820pfzTDK4QN5LD,http://buyeo.museum.go.kr/atchfile/imageAtchfile.do?atckey_1st=BDIDX_c55MrVx820pfzTDK4QN5LD&atckey_2nd=78&atckey_3rd=1&atckey_4th=1&vchkcode=p4T0w47k,국립부여박물관
135,"개태사, 태평성대 고려를 열다",2018,http://buyeo.museum.go.kr/brdbook/boardbookView.do?menu_nix=GPSO032A&brd_id=BDIDX_c55MrVx820pfzTDK4QN5LD,http://buyeo.museum.go.kr/atchfile/imageAtchfile.do?atckey_1st=BDIDX_c55MrVx820pfzTDK4QN5LD&atckey_2nd=77&atckey_3rd=1&atckey_4th=1&vchkcode=9v8B04R6,국립부여박물관
136,부여 송국리,2017,http://buyeo.museum.go.kr/brdbook/boardbookView.do?menu_nix=GPSO032A&brd_id=BDIDX_c55MrVx820pfzTDK4QN5LD,http://buyeo.museum.go.kr/atchfile/imageAtchfile.do?atckey_1st=BDIDX_c55MrVx820pfzTDK4QN5LD&atckey_2nd=75&atckey_3rd=1&atckey_4th=1&vchkcode=R5NLIHmn,국립부여박물관
137,사진으로 만나는 사비 백제,2016,http://buyeo.museum.go.kr/brdbook/boardbookView.do?menu_nix=GPSO032A&brd_id=BDIDX_c55MrVx820pfzTDK4QN5LD,http://buyeo.museum.go.kr/atchfile/imageAtchfile.do?atckey_1st=BDIDX_c55MrVx820pfzTDK4QN5LD&atckey_2nd=74&atckey_3rd=1&atckey_4th=1&vchkcode=XKw7I6HN,국립부여박물관
138,부소산,2016,http://buyeo.museum.go.kr/brdbook/boardbookView.do?menu_nix=GPSO032A&brd_id=BDIDX_c55MrVx820pfzTDK4QN5LD,http://buyeo.museum.go.kr/atchfile/imageAtchfile.do?atckey_1st=BDIDX_c55MrVx820pfzTDK4QN5LD&atckey_2nd=73&atckey_3rd=1&atckey_4th=1&vchkcode=TVdXCBLK,국립부여박물관
139,백제 정림사와 북위 영녕사,2015,http://buyeo.museum.go.kr/brdbook/boardbookView.do?menu_nix=GPSO032A&brd_id=BDIDX_c55MrVx820pfzTDK4QN5LD,http://buyeo.museum.go.kr/atchfile/imageAtchfile.do?atckey_1st=BDIDX_c55MrVx820pfzTDK4QN5LD&atckey_2nd=72&atckey_3rd=1&atckey_4th=1&vchkcode=699UuEYy,국립부여박물관
140,국립부여박물관 HAND BOOK,2015,http://buyeo.museum.go.kr/brdbook/boardbookView.do?menu_nix=GPSO032A&brd_id=BDIDX_c55MrVx820pfzTDK4QN5LD,http://buyeo.museum.go.kr/atchfile/imageAtchfile.do?atckey_1st=BDIDX_c55MrVx820pfzTDK4QN5LD&atckey_2nd=69&atckey_3rd=1&atckey_4th=1&vchkcode=SHDF4Ui2,국립부여박물관
141,?立扶餘博物館(日本語),2015,http://buyeo.museum.go.kr/brdbook/boardbookView.do?menu_nix=GPSO032A&brd_id=BDIDX_c55MrVx820pfzTDK4QN5LD,http://buyeo.museum.go.kr/atchfile/imageAtchfile.do?atckey_1st=BDIDX_c55MrVx820pfzTDK4QN5LD&atckey_2nd=67&atckey_3rd=1&atckey_4th=1&vchkcode=3h7yNT8S,국립부여박물관
142,Buyeo National Museum(English Ver.),2015,http://buyeo.museum.go.kr/brdbook/boardbookView.do?menu_nix=GPSO032A&brd_id=BDIDX_c55MrVx820pfzTDK4QN5LD,http://buyeo.museum.go.kr/atchfile/imageAtchfile.do?atckey_1st=BDIDX_c55MrVx820pfzTDK4QN5LD&atckey_2nd=68&atckey_3rd=1&atckey_4th=1&vchkcode=uRQtKjc7,국립부여박물관
143,국립부여박물관(국문),2014,http://buyeo.museum.go.kr/brdbook/boardbookView.do?menu_nix=GPSO032A&brd_id=BDIDX_c55MrVx820pfzTDK4QN5LD,http://buyeo.museum.go.kr/atchfile/imageAtchfile.do?atckey_1st=BDIDX_c55MrVx820pfzTDK4QN5LD&atckey_2nd=66&atckey_3rd=1&atckey_4th=1&vchkcode=672w2s5A,국립부여박물관
144,부여박물관,2014,http://buyeo.museum.go.kr/brdbook/boardbookView.do?menu_nix=GPSO032A&brd_id=BDIDX_c55MrVx820pfzTDK4QN5LD,http://buyeo.museum.go.kr/atchfile/imageAtchfile.do?atckey_1st=BDIDX_c55MrVx820pfzTDK4QN5LD&atckey_2nd=64&atckey_3rd=1&atckey_4th=1&vchkcode=Cxh5v4n3,국립부여박물관
145,하늘에 올리는 염원 백제 금동 대향로,2013,http://buyeo.museum.go.kr/brdbook/boardbookView.do?menu_nix=GPSO032A&brd_id=BDIDX_c55MrVx820pfzTDK4QN5LD,http://buyeo.museum.go.kr/atchfile/imageAtchfile.do?atckey_1st=BDIDX_c55MrVx820pfzTDK4QN5LD&atckey_2nd=56&atckey_3rd=1&atckey_4th=1&vchkcode=OnZZWKtS,국립부여박물관
146,기증으로 빛난 문화재 사랑,2013,http://buyeo.museum.go.kr/brdbook/boardbookView.do?menu_nix=GPSO031A&brd_id=BDIDX_c55MrVx820pfzTDK4QN5LD,http://buyeo.museum.go.kr/atchfile/imageAtchfile.do?atckey_1st=BDIDX_c55MrVx820pfzTDK4QN5LD&atckey_2nd=61&atckey_3rd=1&atckey_4th=1&vchkcode=vTCSt5wT,국립부여박물관
147,국립부여박물관 소도록,2012,http://buyeo.museum.go.kr/brdbook/boardbookView.do?menu_nix=GPSO032A&brd_id=BDIDX_c55MrVx820pfzTDK4QN5LD,http://buyeo.museum.go.kr/atchfile/imageAtchfile.do?atckey_1st=BDIDX_c55MrVx820pfzTDK4QN5LD&atckey_2nd=70&atckey_3rd=1&atckey_4th=1&vchkcode=dd0d36di,국립부여박물관
148,"백제인의 얼굴, 백제를 만나다",2012,http://buyeo.museum.go.kr/brdbook/boardbookView.do?menu_nix=GPSO032A&brd_id=BDIDX_c55MrVx820pfzTDK4QN5LD,http://buyeo.museum.go.kr/atchfile/imageAtchfile.do?atckey_1st=BDIDX_c55MrVx820pfzTDK4QN5LD&atckey_2nd=71&atckey_3rd=1&atckey_4th=1&vchkcode=0VeagQiF,국립부여박물관
149,부여 능산리 1호(東下塚),2012,http://buyeo.museum.go.kr/brdbook/boardbookView.do?menu_nix=GPSO032A&brd_id=BDIDX_c55MrVx820pfzTDK4QN5LD,http://buyeo.museum.go.kr/atchfile/imageAtchfile.do?atckey_1st=BDIDX_82II965MYJ3KAW6HzfI8tM&atckey_2nd=23&atckey_3rd=1&atckey_4th=1&vchkcode=woldq49c,국립부여박물관
150,부여 부소산 사지,2016,http://buyeo.museum.go.kr/brdbook/boardbookView.do?menu_nix=GPSO032A&brd_id=BDIDX_c55MrVx820pfzTDK4QN5LD,http://buyeo.museum.go.kr/atchfile/imageAtchfile.do?atckey_1st=BDIDX_82II965MYJ3KAW6HzfI8tM&atckey_2nd=22&atckey_3rd=1&atckey_4th=1&vchkcode=s32yxsH2,국립부여박물관
151,부여 구아리 사지,2016,http://buyeo.museum.go.kr/brdbook/boardbookView.do?menu_nix=GPSO032A&brd_id=BDIDX_c55MrVx820pfzTDK4QN5LD,http://buyeo.museum.go.kr/atchfile/imageAtchfile.do?atckey_1st=BDIDX_82II965MYJ3KAW6HzfI8tM&atckey_2nd=21&atckey_3rd=1&atckey_4th=1&vchkcode=21EQsQW5,국립부여박물관
152,부여 정림사지,2015,http://buyeo.museum.go.kr/brdbook/boardbookView.do?menu_nix=GPSO032A&brd_id=BDIDX_c55MrVx820pfzTDK4QN5LD,http://buyeo.museum.go.kr/atchfile/imageAtchfile.do?atckey_1st=BDIDX_82II965MYJ3KAW6HzfI8tM&atckey_2nd=20&atckey_3rd=1&atckey_4th=1&vchkcode=yy4nz4Km,국립부여박물관
153,부여 동남리사지,2014,http://buyeo.museum.go.kr/brdbook/boardbookView.do?menu_nix=GPSO032A&brd_id=BDIDX_c55MrVx820pfzTDK4QN5LD,http://buyeo.museum.go.kr/atchfile/imageAtchfile.do?atckey_1st=BDIDX_82II965MYJ3KAW6HzfI8tM&atckey_2nd=18&atckey_3rd=1&atckey_4th=1&vchkcode=4fFvee3N,국립부여박물관
154,부여 군수리 사지,2012,http://buyeo.museum.go.kr/brdbook/boardbookView.do?menu_nix=GPSO032A&brd_id=BDIDX_c55MrVx820pfzTDK4QN5LD,http://buyeo.museum.go.kr/atchfile/imageAtchfile.do?atckey_1st=BDIDX_82II965MYJ3KAW6HzfI8tM&atckey_2nd=19&atckey_3rd=1&atckey_4th=1&vchkcode=P50vVG2q,국립부여박물관
155,소장품조사자료집 청동거울,2010,http://buyeo.museum.go.kr/brdbook/boardbookView.do?menu_nix=GPSO032A&brd_id=BDIDX_c55MrVx820pfzTDK4QN5LD,http://buyeo.museum.go.kr/atchfile/imageAtchfile.do?atckey_1st=BDIDX_82II965MYJ3KAW6HzfI8tM&atckey_2nd=14&atckey_3rd=1&atckey_4th=1&vchkcode=7nUfd91a,국립부여박물관
156,2008백제의 절터와 가마터 지표조사 보고서,2008,http://buyeo.museum.go.kr/brdbook/boardbookView.do?menu_nix=GPSO032A&brd_id=BDIDX_c55MrVx820pfzTDK4QN5LD,http://buyeo.museum.go.kr/atchfile/imageAtchfile.do?atckey_1st=BDIDX_82II965MYJ3KAW6HzfI8tM&atckey_2nd=1&atckey_3rd=1&atckey_4th=1&vchkcode=1czT2616,국립부여박물관
157,청양 왕진리 가마터,2008,http://buyeo.museum.go.kr/brdbook/boardbookView.do?menu_nix=GPSO032A&brd_id=BDIDX_c55MrVx820pfzTDK4QN5LD,http://buyeo.museum.go.kr/atchfile/imageAtchfile.do?atckey_1st=BDIDX_82II965MYJ3KAW6HzfI8tM&atckey_2nd=13&atckey_3rd=1&atckey_4th=1&vchkcode=t73bI8IX,국립부여박물관
158,"凌寺2007 부여 능산리사지 6,7,8차 발굴조사보고서",2007,http://buyeo.museum.go.kr/brdbook/boardbookView.do?menu_nix=GPSO032A&brd_id=BDIDX_c55MrVx820pfzTDK4QN5LD,http://buyeo.museum.go.kr/atchfile/imageAtchfile.do?atckey_1st=BDIDX_82II965MYJ3KAW6HzfI8tM&atckey_2nd=17&atckey_3rd=1&atckey_4th=1&vchkcode=Y00G8221,국립부여박물관
159,궁남지,2007,http://buyeo.museum.go.kr/brdbook/boardbookView.do?menu_nix=GPSO032A&brd_id=BDIDX_c55MrVx820pfzTDK4QN5LD,http://buyeo.museum.go.kr/atchfile/imageAtchfile.do?atckey_1st=BDIDX_82II965MYJ3KAW6HzfI8tM&atckey_2nd=15&atckey_3rd=1&atckey_4th=1&vchkcode=ofsu0CIG,국립부여박물관
160,扶餘 羅城,2003,http://buyeo.museum.go.kr/brdbook/boardbookView.do?menu_nix=GPSO032A&brd_id=BDIDX_c55MrVx820pfzTDK4QN5LD,http://buyeo.museum.go.kr/atchfile/imageAtchfile.do?atckey_1st=BDIDX_82II965MYJ3KAW6HzfI8tM&atckey_2nd=4&atckey_3rd=1&atckey_4th=1&vchkcode=5Q6974p2,국립부여박물관
161,舒川 船島里遺蹟,2003,http://buyeo.museum.go.kr/brdbook/boardbookView.do?menu_nix=GPSO032A&brd_id=BDIDX_c55MrVx820pfzTDK4QN5LD,http://buyeo.museum.go.kr/atchfile/imageAtchfile.do?atckey_1st=BDIDX_82II965MYJ3KAW6HzfI8tM&atckey_2nd=12&atckey_3rd=1&atckey_4th=1&vchkcode=65wuRv93,국립부여박물관
162,"陵寺 능사 (본문, 도면·도판)",2000,http://buyeo.museum.go.kr/brdbook/boardbookView.do?menu_nix=GPSO032A&brd_id=BDIDX_c55MrVx820pfzTDK4QN5LD,http://buyeo.museum.go.kr/atchfile/imageAtchfile.do?atckey_1st=BDIDX_82II965MYJ3KAW6HzfI8tM&atckey_2nd=8&atckey_3rd=1&atckey_4th=1&vchkcode=523Qf382,국립부여박물관
163,舒川 漢城里 (서천 한성리),2000,http://buyeo.museum.go.kr/brdbook/boardbookView.do?menu_nix=GPSO032A&brd_id=BDIDX_c55MrVx820pfzTDK4QN5LD,http://buyeo.museum.go.kr/atchfile/imageAtchfile.do?atckey_1st=BDIDX_82II965MYJ3KAW6HzfI8tM&atckey_2nd=11&atckey_3rd=1&atckey_4th=1&vchkcode=129Vu3vI,국립부여박물관
164,"오로지 오롯한 고을, 완주",2019,https://jeonju.museum.go.kr/board.es?mid=a10703000000&bid=0007&act=view&list_no=2518752&nPage=1,https://jeonju.museum.go.kr/upload/board/0007/20190809131303.jpg,국립전주박물관
165,"선비, 글을 넘어 마음을 전하다",2019,https://jeonju.museum.go.kr/board.es?mid=a10703000000&bid=0007&act=view&list_no=2518720&nPage=1,https://jeonju.museum.go.kr/upload/board/0007/20190626153624.jpg,국립전주박물관
166,고려청자의 정점을 만나다-부안청자·강진청자,2018,https://jeonju.museum.go.kr/board.es?mid=a10703000000&bid=0007&act=view&list_no=2518630&nPage=1,https://jeonju.museum.go.kr/upload/board/0007/20190121163937.jpg,국립전주박물관
167,후백제 도성벽 조사보고서,2016,https://jeonju.museum.go.kr/board.es?mid=a10703000000&bid=0007&act=view&list_no=2518600&nPage=1,https://jeonju.museum.go.kr/upload/board/0007/20181112143929.jpg,국립전주박물관
168,국립전주박물관 상설전시도록,2017,https://jeonju.museum.go.kr/board.es?mid=a10703000000&bid=0007&act=view&list_no=2518369&nPage=1,https://jeonju.museum.go.kr/upload/board/0007/20180411161843.jpg,국립전주박물관
169,전주 풍남동 후백제 도성 추정지 발굴조사 보고서,2017,https://jeonju.museum.go.kr/board.es?mid=a10703000000&bid=0007&act=view&list_no=2518315&nPage=2,https://jeonju.museum.go.kr/upload/board/0007/20180116163328.jpg,국립전주박물관
170,"한국의 전통 종이, 전주 한지",2017,https://jeonju.museum.go.kr/board.es?mid=a10703000000&bid=0007&act=view&list_no=2518305&nPage=2,https://jeonju.museum.go.kr/upload/board/0007/20171208161034.jpg,국립전주박물관
171,침몰선에 실렸던 고려 사람들의 꿈,2017,https://jeonju.museum.go.kr/board.es?mid=a10703000000&bid=0007&act=view&list_no=2518245&nPage=2,https://jeonju.museum.go.kr/upload/board/0007/20170906122622.jpg,국립전주박물관
172,국립전주박물관 어린이박물관 길라잡이,2016,https://jeonju.museum.go.kr/board.es?mid=a10703000000&bid=0007&act=view&list_no=2518236&nPage=2,https://jeonju.museum.go.kr/upload/board/0007/20170906122755.jpg,국립전주박물관
173,황병근기증유물특별전II,2016,https://jeonju.museum.go.kr/board.es?mid=a10703000000&bid=0007&act=view&list_no=2518229&nPage=2,https://jeonju.museum.go.kr/upload/board/0007/2017090692650.jpg,국립전주박물관
174,"고고학으로 밝혀 낸 전북혁신도시 - 유적, 유물, 발굴 그리고 전시",2016,https://jeonju.museum.go.kr/board.es?mid=a10703000000&bid=0007&act=view&list_no=2518224&nPage=3,https://jeonju.museum.go.kr/upload/board/0007/2017090692437.jpg,국립전주박물관
175,후백제와 오월,2016,https://jeonju.museum.go.kr/board.es?mid=a10703000000&bid=0007&act=view&list_no=2518105&nPage=3,https://jeonju.museum.go.kr/upload/board/0007/2017090692125.jpg,국립전주박물관
176,대외관계로 본 후백제,2015,https://jeonju.museum.go.kr/board.es?mid=a10703000000&bid=0007&act=view&list_no=2517904&nPage=3,https://jeonju.museum.go.kr/upload/board/0007/20160318160727.jpg,국립전주박물관
177,당송전환기의 오월吳越,2015,https://jeonju.museum.go.kr/board.es?mid=a10703000000&bid=0007&act=view&list_no=2517892&nPage=3,https://jeonju.museum.go.kr/upload/board/0007/20160315123121.jpg,국립전주박물관
178,"익산, 마한·백제연구의 새로운 중심",2014,https://jeonju.museum.go.kr/board.es?mid=a10703000000&bid=0007&act=view&list_no=2517890&nPage=3,https://jeonju.museum.go.kr/upload/board/0007/20160315121454.jpg,국립전주박물관
179,진안 도통리 청자,2014,https://jeonju.museum.go.kr/board.es?mid=a10703000000&bid=0007&act=view&list_no=2517886&nPage=4,https://jeonju.museum.go.kr/upload/board/0007/20160311174324.jpg,국립전주박물관
180,조선의 소반,2013,https://jeonju.museum.go.kr/board.es?mid=a10703000000&bid=0007&act=view&list_no=2517884&nPage=4,https://jeonju.museum.go.kr/upload/board/0007/20160311173956.jpg,국립전주박물관
181,조선왕실의 위엄 외규장각의궤,2012,https://jeonju.museum.go.kr/board.es?mid=a10703000000&bid=0007&act=view&list_no=2517882&nPage=4,https://jeonju.museum.go.kr/upload/board/0007/20160311171411.jpg,국립전주박물관
182,호생관 최북,2012,https://jeonju.museum.go.kr/board.es?mid=a10703000000&bid=0007&act=view&list_no=2477188&nPage=4,https://jeonju.museum.go.kr/upload/board/0007/79879484888357542956.jpg,국립전주박물관
183,평화와 번영 에도시대 이시카와 문화전,2011,https://jeonju.museum.go.kr/board.es?mid=a10703000000&bid=0007&act=view&list_no=2477186&nPage=4,https://jeonju.museum.go.kr/upload/board/0007/79879573894343669807.jpg,국립전주박물관
184,"전북의 역사문물전 X, 임실",2011,https://jeonju.museum.go.kr/board.es?mid=a10703000000&bid=0007&act=view&list_no=2477184&nPage=5,https://jeonju.museum.go.kr/upload/board/0007/79889174905263158578.jpg,국립전주박물관
185,석지石芝 채용신蔡龍臣-붓으로 사람을 만나다,2011,https://jeonju.museum.go.kr/board.es?mid=a10703000000&bid=0007&act=view&list_no=2477182&nPage=5,https://jeonju.museum.go.kr/upload/board/0007/79889580855755406928.jpg,국립전주박물관
186,국제학술심포지엄 자료집,2010,https://jeonju.museum.go.kr/board.es?mid=a10703000000&bid=0007&act=view&list_no=2477180&nPage=5,https://jeonju.museum.go.kr/upload/board/0007/79889580856668078935.jpg,국립전주박물관
187,"장수長水, 역사의 물길",2010,https://jeonju.museum.go.kr/board.es?mid=a10703000000&bid=0007&act=view&list_no=2477178&nPage=5,https://jeonju.museum.go.kr/upload/board/0007/79899089826157379732.jpg,국립전주박물관
188,조선을 바로 세운 공신 이계맹,2009,https://jeonju.museum.go.kr/board.es?mid=a10703000000&bid=0007&act=view&list_no=2477176&nPage=5,https://jeonju.museum.go.kr/upload/board/0007/79899089837442894775.jpg,국립전주박물관
189,전북의 고대문화,2009,https://jeonju.museum.go.kr/board.es?mid=a10703000000&bid=0007&act=view&list_no=2477174&nPage=6,https://jeonju.museum.go.kr/upload/board/0007/79899089837583019779.jpg,국립전주박물관
190,"마한, 숨쉬는 기록",2009,https://jeonju.museum.go.kr/board.es?mid=a10703000000&bid=0007&act=view&list_no=2477172&nPage=6,https://jeonju.museum.go.kr/upload/board/0007/79899089837770410783.jpg,국립전주박물관
191,고려왕실의 도자기,2009,https://jeonju.museum.go.kr/board.es?mid=a10703000000&bid=0007&act=view&list_no=2477170&nPage=6,https://jeonju.museum.go.kr/upload/board/0007/79899089837895582787.jpg,국립전주박물관
192,석전 황욱의 서예,2008,https://jeonju.museum.go.kr/board.es?mid=a10703000000&bid=0007&act=view&list_no=2477168&nPage=6,https://jeonju.museum.go.kr/upload/board/0007/79899089838060488791.jpg,국립전주박물관
193,전북의 역사문물전-순창,2007,https://jeonju.museum.go.kr/board.es?mid=a10703000000&bid=0007&act=view&list_no=2477166&nPage=6,https://jeonju.museum.go.kr/upload/board/0007/20160927154526.jpg,국립전주박물관
194,국립전주박물관 2006연보,2007,https://jeonju.museum.go.kr/board.es?mid=a10703000000&bid=0007&act=view&list_no=2477164&nPage=7,https://jeonju.museum.go.kr/error/img/no_image98148.gif,국립전주박물관
195,전북의 역사문물전-정읍,2006,https://jeonju.museum.go.kr/board.es?mid=a10703000000&bid=0007&act=view&list_no=2477162&nPage=7,https://jeonju.museum.go.kr/upload/board/0007/20160927154556.jpg,국립전주박물관
196,국립전주박물관 2005연보,2006,https://jeonju.museum.go.kr/board.es?mid=a10703000000&bid=0007&act=view&list_no=2477160&nPage=7,https://jeonju.museum.go.kr/error/img/no_image98148.gif,국립전주박물관
197,황병근黃炳槿 선생先生 기증寄贈 간찰이簡札二,2005,https://jeonju.museum.go.kr/board.es?mid=a10703000000&bid=0007&act=view&list_no=2477158&nPage=7,https://jeonju.museum.go.kr/upload/board/0007/79899089839060051811.jpg,국립전주박물관
198,왕의 초상 경기전慶基殿과 태조太祖 이성계李成桂,2005,https://jeonju.museum.go.kr/board.es?mid=a10703000000&bid=0007&act=view&list_no=2477156&nPage=7,https://jeonju.museum.go.kr/upload/board/0007/79899089839199832815.jpg,국립전주박물관
199,기증문화재 특별전-전북인의 마음,2004,https://jeonju.museum.go.kr/board.es?mid=a10703000000&bid=0007&act=view&list_no=2477154&nPage=8,https://jeonju.museum.go.kr/upload/board/0007/79899089839444941819.jpg,국립전주박물관
200,국립전주박물관 2003연보,2004,https://jeonju.museum.go.kr/board.es?mid=a10703000000&bid=0007&act=view&list_no=2477152&nPage=8,https://jeonju.museum.go.kr/upload/board/0007/79899089839655238823.jpg,국립전주박물관
201,미륵이 온다,2003,https://jeonju.museum.go.kr/board.es?mid=a10703000000&bid=0007&act=view&list_no=2477150&nPage=8,https://jeonju.museum.go.kr/upload/board/0007/20160927154720.jpg,국립전주박물관
202,국립전주박물관 임오연보,2003,https://jeonju.museum.go.kr/board.es?mid=a10703000000&bid=0007&act=view&list_no=2477148&nPage=8,https://jeonju.museum.go.kr/error/img/no_image98148.gif,국립전주박물관
203,전통을 잇는 전북사람들-공장인工匠人,2002,https://jeonju.museum.go.kr/board.es?mid=a10703000000&bid=0007&act=view&list_no=2477146&nPage=8,https://jeonju.museum.go.kr/upload/board/0007/79899089844241394839.jpg,국립전주박물관
204,우리 문화文化속의 대나무,2002,https://jeonju.museum.go.kr/board.es?mid=a10703000000&bid=0007&act=view&list_no=2477144&nPage=9,https://jeonju.museum.go.kr/upload/board/0007/79899088799987004957.jpg,국립전주박물관
205,진안鎭安 용담龍潭댐 수몰지구내水沒地區內 문화유적文化遺蹟 발굴조사發掘調査 보..,2001,https://jeonju.museum.go.kr/board.es?mid=a10703000000&bid=0007&act=view&list_no=2477142&nPage=9,https://jeonju.museum.go.kr/upload/board/0007/79899088804153285961.jpg,국립전주박물관
206,전북의 역사문물전Ⅲ-부안,2001,https://jeonju.museum.go.kr/board.es?mid=a10703000000&bid=0007&act=view&list_no=2477140&nPage=9,https://jeonju.museum.go.kr/upload/board/0007/20160927154801.jpg,국립전주박물관
207,남원南原의 역사문물,2000,https://jeonju.museum.go.kr/board.es?mid=a10703000000&bid=0007&act=view&list_no=2477138&nPage=9,https://jeonju.museum.go.kr/upload/board/0007/79899089845789863866.jpg,국립전주박물관
208,새천년특별전 도작문화 3000년-겨레와 함께 한 쌀,2000,https://jeonju.museum.go.kr/board.es?mid=a10703000000&bid=0007&act=view&list_no=2477136&nPage=9,https://jeonju.museum.go.kr/upload/board/0007/79899088804490129968.jpg,국립전주박물관
209,석전石田 황욱黃旭: 황병근黃炳槿 기증유물특별전,1999,https://jeonju.museum.go.kr/board.es?mid=a10703000000&bid=0007&act=view&list_no=2477134&nPage=10,https://jeonju.museum.go.kr/upload/board/0007/79899089846348488879.jpg,국립전주박물관
210,박물관 전시유물 이야기,1999,https://jeonju.museum.go.kr/board.es?mid=a10703000000&bid=0007&act=view&list_no=2477132&nPage=10,https://jeonju.museum.go.kr/upload/board/0007/79899089846745519888.jpg,국립전주박물관
211,고고유물로 본 한국고대국가의 형성,1998,https://jeonju.museum.go.kr/board.es?mid=a10703000000&bid=0007&act=view&list_no=2477130&nPage=10,https://jeonju.museum.go.kr/upload/board/0007/79899089846666285884.jpg,국립전주박물관
212,옛 사진속의 전북全北 1894-1945,1998,https://jeonju.museum.go.kr/board.es?mid=a10703000000&bid=0007&act=view&list_no=2477128&nPage=10,https://jeonju.museum.go.kr/upload/board/0007/79899089847362191898.jpg,국립전주박물관
213,전북全北의 조선시대朝鮮時代 도요지陶窯址,1997,https://jeonju.museum.go.kr/board.es?mid=a10703000000&bid=0007&act=view&list_no=2477126&nPage=10,https://jeonju.museum.go.kr/upload/board/0007/79899089848940926917.jpg,국립전주박물관
214,제주유배인이야기 낯선곳으로의 여행,2019,https://jeju.museum.go.kr/_prog/book/index.php?mng_no=73&mode=V&site_dvs_cd=kr&menu_dvs_cd=0603&GotoPage=1,https://jeju.museum.go.kr/Upl/kr/book/book_0_1582779847.jpg,국립제주박물관
215,"무병장수의 별 노인성, 제주를 비추다",2019,https://jeju.museum.go.kr/_prog/book/index.php?mng_no=72&mode=V&site_dvs_cd=kr&menu_dvs_cd=0603&GotoPage=1,https://jeju.museum.go.kr/Upl/kr/book/book_0_1565669643.jpg,국립제주박물관
216,탐라,2018,https://jeju.museum.go.kr/_prog/book/index.php?mng_no=71&mode=V&site_dvs_cd=kr&menu_dvs_cd=0603&GotoPage=1,https://jeju.museum.go.kr/Upl/kr/book/book_0_1539319748.jpg,국립제주박물관
217,고려 철화청자,2018,https://jeju.museum.go.kr/_prog/book/index.php?mng_no=70&mode=V&site_dvs_cd=kr&menu_dvs_cd=0603&GotoPage=1,https://jeju.museum.go.kr/Upl/kr/book/book_0_1531794968.jpg,국립제주박물관
218,제주용천동굴유적 학술발굴조사 보고서,2018,https://jeju.museum.go.kr/_prog/book/index.php?mng_no=69&mode=V&site_dvs_cd=kr&menu_dvs_cd=0603&GotoPage=1,https://jeju.museum.go.kr/Upl/kr/book/book_0_1531794372.jpg,국립제주박물관
219,서귀포시 가파도 추정고인돌군 학술발굴조사보고서,2016,https://jeju.museum.go.kr/_prog/book/index.php?mng_no=68&mode=V&site_dvs_cd=kr&menu_dvs_cd=0603&GotoPage=1,https://jeju.museum.go.kr/Upl/kr/book/book_0_1531793516.jpg,국립제주박물관
220,"2018 인문학강좌 자료집 - 제주, 인문학을 만나다",2018,https://jeju.museum.go.kr/_prog/book/index.php?mng_no=67&mode=V&site_dvs_cd=kr&menu_dvs_cd=0603&GotoPage=1,https://jeju.museum.go.kr/Upl/kr/book/book_0_1525241690.jpg,국립제주박물관
221,국립제주박물관,2017,https://jeju.museum.go.kr/_prog/book/index.php?mng_no=66&mode=V&site_dvs_cd=kr&menu_dvs_cd=0603&GotoPage=1,https://jeju.museum.go.kr/Upl/kr/book/book_0_1521681068.jpg,국립제주박물관
222,국립제주박물관-濟州,2017,https://jeju.museum.go.kr/_prog/book/index.php?mng_no=65&mode=V&site_dvs_cd=kr&menu_dvs_cd=0603&GotoPage=2,https://jeju.museum.go.kr/Upl/kr/book/book_0_1521680941.jpg,국립제주박물관
223,삼별초와 동아시아,2017,https://jeju.museum.go.kr/_prog/book/index.php?mng_no=64&mode=V&site_dvs_cd=kr&menu_dvs_cd=0603&GotoPage=2,https://jeju.museum.go.kr/Upl/kr/book/book_0_1521614846.jpg,국립제주박물관
224,"제주 유학의 큰 스승, 부해 안병택",2017,https://jeju.museum.go.kr/_prog/book/index.php?mng_no=63&mode=V&site_dvs_cd=kr&menu_dvs_cd=0603&GotoPage=2,https://jeju.museum.go.kr/Upl/kr/book/book_0_1521613567.jpg,국립제주박물관
225,해양문화의 보고 제주바다,2017,https://jeju.museum.go.kr/_prog/book/index.php?mng_no=62&mode=V&site_dvs_cd=kr&menu_dvs_cd=0603&GotoPage=2,https://jeju.museum.go.kr/Upl/kr/book/book_0_1521612331.jpg,국립제주박물관
226,아하! 제주도,2016,https://jeju.museum.go.kr/_prog/book/index.php?mng_no=61&mode=V&site_dvs_cd=kr&menu_dvs_cd=0603&GotoPage=2,https://jeju.museum.go.kr/Upl/kr/book/book_0_1489627359.jpg,국립제주박물관
227,맛있는 역사-인류의 식생활을 보다,2016,https://jeju.museum.go.kr/_prog/book/index.php?mng_no=60&mode=V&site_dvs_cd=kr&menu_dvs_cd=0603&GotoPage=2,https://jeju.museum.go.kr/Upl/kr/book/book_0_1469083786.jpg,국립제주박물관
228,"조선 선비 최부, 뜻밖의 중국 견문",2015,https://jeju.museum.go.kr/_prog/book/index.php?mng_no=59&mode=V&site_dvs_cd=kr&menu_dvs_cd=0603&GotoPage=2,https://jeju.museum.go.kr/Upl/kr/book/book_0_1449711608.jpg,국립제주박물관
229,옛 소반의 쓰임,2015,https://jeju.museum.go.kr/_prog/book/index.php?mng_no=58&mode=V&site_dvs_cd=kr&menu_dvs_cd=0603&GotoPage=2,https://jeju.museum.go.kr/Upl/kr/book/book_0_1449710835.jpg,국립제주박물관
230,역사를 만든 혁신의 아이콘,2015,https://jeju.museum.go.kr/_prog/book/index.php?mng_no=57&mode=V&site_dvs_cd=kr&menu_dvs_cd=0603&GotoPage=3,https://jeju.museum.go.kr/Upl/kr/book/book_0_1449709658.jpg,국립제주박물관
231,대가야의 탐라 나들이,2014,https://jeju.museum.go.kr/_prog/book/index.php?mng_no=56&mode=V&site_dvs_cd=kr&menu_dvs_cd=0603&GotoPage=3,https://jeju.museum.go.kr/Upl/kr/book/book_0_1421373376.jpg,국립제주박물관
232,한국의 마(馬)-시공을 달리다,2014,https://jeju.museum.go.kr/_prog/book/index.php?mng_no=55&mode=V&site_dvs_cd=kr&menu_dvs_cd=0603&GotoPage=3,https://jeju.museum.go.kr/Upl/kr/book/book_0_1421371859.jpg,국립제주박물관
233,(미술로 보는 동서양의 사랑이야기)명화 읽어주는 박물관,2014,https://jeju.museum.go.kr/_prog/book/index.php?mng_no=53&mode=V&site_dvs_cd=kr&menu_dvs_cd=0603&GotoPage=3,https://jeju.museum.go.kr/Upl/kr/book/main_img53,국립제주박물관
234,제주 출토 고려시대 도자기,2013,https://jeju.museum.go.kr/_prog/book/index.php?mng_no=52&mode=V&site_dvs_cd=kr&menu_dvs_cd=0603&GotoPage=3,https://jeju.museum.go.kr/Upl/kr/book/main_img52,국립제주박물관
235,한라산,2013,https://jeju.museum.go.kr/_prog/book/index.php?mng_no=51&mode=V&site_dvs_cd=kr&menu_dvs_cd=0603&GotoPage=3,https://jeju.museum.go.kr/Upl/kr/book/main_img51,국립제주박물관
236,박물관문화총서12-세계의 섬을 찾아가다,2013,https://jeju.museum.go.kr/_prog/book/index.php?mng_no=50&mode=V&site_dvs_cd=kr&menu_dvs_cd=0603&GotoPage=3,https://jeju.museum.go.kr/Upl/kr/book/main_img50,국립제주박물관
237,선생님과 함께하는 박물관 문화연수,2011,https://jeju.museum.go.kr/_prog/book/index.php?mng_no=49&mode=V&site_dvs_cd=kr&menu_dvs_cd=0603&GotoPage=3,https://jeju.museum.go.kr/Upl/kr/book/main_img49,국립제주박물관
238,"예비교사, 박물관과 소통하다",2012,https://jeju.museum.go.kr/_prog/book/index.php?mng_no=47&mode=V&site_dvs_cd=kr&menu_dvs_cd=0603&GotoPage=4,https://jeju.museum.go.kr/Upl/kr/book/main_img47,국립제주박물관
239,서귀포 생수궤유적,2012,https://jeju.museum.go.kr/_prog/book/index.php?mng_no=46&mode=V&site_dvs_cd=kr&menu_dvs_cd=0603&GotoPage=4,https://jeju.museum.go.kr/Upl/kr/book/main_img46,국립제주박물관
240,JEJU NATIONAL MUSEUM,2012,https://jeju.museum.go.kr/_prog/book/index.php?mng_no=45&mode=V&site_dvs_cd=kr&menu_dvs_cd=0603&GotoPage=4,https://jeju.museum.go.kr/Upl/kr/book/main_img45,국립제주박물관
241,적도의 황금왕국 인도네시아,2012,https://jeju.museum.go.kr/_prog/book/index.php?mng_no=44&mode=V&site_dvs_cd=kr&menu_dvs_cd=0603&GotoPage=4,https://jeju.museum.go.kr/Upl/kr/book/main_img44,국립제주박물관
242,"인류문명, 자연과 공존하다",2012,https://jeju.museum.go.kr/_prog/book/index.php?mng_no=43&mode=V&site_dvs_cd=kr&menu_dvs_cd=0603&GotoPage=4,https://jeju.museum.go.kr/Upl/kr/book/main_img43,국립제주박물관
243,국립제주박물관,2011,https://jeju.museum.go.kr/_prog/book/index.php?mng_no=42&mode=V&site_dvs_cd=kr&menu_dvs_cd=0603&GotoPage=4,https://jeju.museum.go.kr/Upl/kr/book/main_img42,국립제주박물관
244,용천동굴의 신비,2011,https://jeju.museum.go.kr/_prog/book/index.php?mng_no=41&mode=V&site_dvs_cd=kr&menu_dvs_cd=0603&GotoPage=4,https://jeju.museum.go.kr/Upl/kr/book/main_img41,국립제주박물관
245,한국의 역사와 문화 그리고 제주,2011,https://jeju.museum.go.kr/_prog/book/index.php?mng_no=40&mode=V&site_dvs_cd=kr&menu_dvs_cd=0603&GotoPage=4,https://jeju.museum.go.kr/Upl/kr/book/main_img40,국립제주박물관
246,금속공예에 깃든 고려인의 삶,2011,https://jeju.museum.go.kr/_prog/book/index.php?mng_no=39&mode=V&site_dvs_cd=kr&menu_dvs_cd=0603&GotoPage=5,https://jeju.museum.go.kr/Upl/kr/book/main_img39,국립제주박물관
247,박물관 천국 제주,2010,https://jeju.museum.go.kr/_prog/book/index.php?mng_no=38&mode=V&site_dvs_cd=kr&menu_dvs_cd=0603&GotoPage=5,https://jeju.museum.go.kr/Upl/kr/book/main_img38,국립제주박물관
248,문화재와 보존과학의 만남 - 새로운 생명을 불어넣다,2010,https://jeju.museum.go.kr/_prog/book/index.php?mng_no=37&mode=V&site_dvs_cd=kr&menu_dvs_cd=0603&GotoPage=5,https://jeju.museum.go.kr/Upl/kr/book/main_img37,국립제주박물관
249,제주 삼화지구 가Ⅰ유적,2010,https://jeju.museum.go.kr/_prog/book/index.php?mng_no=36&mode=V&site_dvs_cd=kr&menu_dvs_cd=0603&GotoPage=5,https://jeju.museum.go.kr/Upl/kr/book/main_img36,국립제주박물관
250,"제주올레, 박물관에서 걷다",2010,https://jeju.museum.go.kr/_prog/book/index.php?mng_no=35&mode=V&site_dvs_cd=kr&menu_dvs_cd=0603&GotoPage=5,https://jeju.museum.go.kr/Upl/kr/book/main_img35,국립제주박물관
251,"국립제주박물관 문화총서 9 인류문화의 판타지, 신화",2010,https://jeju.museum.go.kr/_prog/book/index.php?mng_no=34&mode=V&site_dvs_cd=kr&menu_dvs_cd=0603&GotoPage=5,https://jeju.museum.go.kr/Upl/kr/book/main_img34,국립제주박물관
252,"2010 호랑이를 만나다 어흥, 우리 호랑이",2010,https://jeju.museum.go.kr/_prog/book/index.php?mng_no=33&mode=V&site_dvs_cd=kr&menu_dvs_cd=0603&GotoPage=5,https://jeju.museum.go.kr/Upl/kr/book/main_img33,국립제주박물관
253,해양문물교류 조사연구보고서(Ⅰ) 타이완,2009,https://jeju.museum.go.kr/_prog/book/index.php?mng_no=32&mode=V&site_dvs_cd=kr&menu_dvs_cd=0603&GotoPage=5,https://jeju.museum.go.kr/Upl/kr/book/main_img32,국립제주박물관
254,한국 박물관 개관 100주년 기념 기획특별전 돌과 문화,2009,https://jeju.museum.go.kr/_prog/book/index.php?mng_no=31&mode=V&site_dvs_cd=kr&menu_dvs_cd=0603&GotoPage=6,https://jeju.museum.go.kr/Upl/kr/book/main_img31,국립제주박물관
255,국립제주박물관 30선,2009,https://jeju.museum.go.kr/_prog/book/index.php?mng_no=30&mode=V&site_dvs_cd=kr&menu_dvs_cd=0603&GotoPage=6,https://jeju.museum.go.kr/Upl/kr/book/main_img30,국립제주박물관
256,"섬, 흙, 기억의 고리 - 지난10년간의 발굴 기록",2009,https://jeju.museum.go.kr/_prog/book/index.php?mng_no=29&mode=V&site_dvs_cd=kr&menu_dvs_cd=0603&GotoPage=6,https://jeju.museum.go.kr/Upl/kr/book/main_img29,국립제주박물관
257,유적과 유물을 통해 본 제주의 역사와 문화 - 문화총서 8,2009,https://jeju.museum.go.kr/_prog/book/index.php?mng_no=28&mode=V&site_dvs_cd=kr&menu_dvs_cd=0603&GotoPage=6,https://jeju.museum.go.kr/Upl/kr/book/main_img28,국립제주박물관
258,실크로드의 역사와 문화- 문화총서7,2008,https://jeju.museum.go.kr/_prog/book/index.php?mng_no=27&mode=V&site_dvs_cd=kr&menu_dvs_cd=0603&GotoPage=6,https://jeju.museum.go.kr/Upl/kr/book/main_img27,국립제주박물관
259,소암 현중화선생의 삶과 예술,2007,https://jeju.museum.go.kr/_prog/book/index.php?mng_no=26&mode=V&site_dvs_cd=kr&menu_dvs_cd=0603&GotoPage=6,https://jeju.museum.go.kr/Upl/kr/book/main_img26,국립제주박물관
260,탐라와 유구왕국,2007,https://jeju.museum.go.kr/_prog/book/index.php?mng_no=25&mode=V&site_dvs_cd=kr&menu_dvs_cd=0603&GotoPage=6,https://jeju.museum.go.kr/Upl/kr/book/main_img25,국립제주박물관
261,몽골의 역사와 문화-문화총서6,2007,https://jeju.museum.go.kr/_prog/book/index.php?mng_no=24&mode=V&site_dvs_cd=kr&menu_dvs_cd=0603&GotoPage=6,https://jeju.museum.go.kr/Upl/kr/book/main_img24,국립제주박물관
262,개관5년사,2006,https://jeju.museum.go.kr/_prog/book/index.php?mng_no=23&mode=V&site_dvs_cd=kr&menu_dvs_cd=0603&GotoPage=7,https://jeju.museum.go.kr/Upl/kr/book/main_img23,국립제주박물관
263,한국-일본 오키나와의 조개제품을 통한『선사시대 문화의 재발견』,2005,https://jeju.museum.go.kr/_prog/book/index.php?mng_no=22&mode=V&site_dvs_cd=kr&menu_dvs_cd=0603&GotoPage=7,https://jeju.museum.go.kr/Upl/kr/book/main_img22,국립제주박물관
264,미술로 본 동아시아의 문화교류-문화총서5,2006,https://jeju.museum.go.kr/_prog/book/index.php?mng_no=21&mode=V&site_dvs_cd=kr&menu_dvs_cd=0603&GotoPage=7,https://jeju.museum.go.kr/Upl/kr/book/main_img21,국립제주박물관
265,제주의 역사와 문화(History and Culture of Jeju)-소도록,2006,https://jeju.museum.go.kr/_prog/book/index.php?mng_no=20&mode=V&site_dvs_cd=kr&menu_dvs_cd=0603&GotoPage=7,https://jeju.museum.go.kr/Upl/kr/book/main_img20,국립제주박물관
266,제주의 역사와 문화(?州の?史と文化)-소도록　,2005,https://jeju.museum.go.kr/_prog/book/index.php?mng_no=19&mode=V&site_dvs_cd=kr&menu_dvs_cd=0603&GotoPage=7,https://jeju.museum.go.kr/Upl/kr/book/main_img19,국립제주박물관
267,제주종달리유적1(濟州終達理遺蹟),2006,https://jeju.museum.go.kr/_prog/book/index.php?mng_no=18&mode=V&site_dvs_cd=kr&menu_dvs_cd=0603&GotoPage=7,https://jeju.museum.go.kr/Upl/kr/book/main_img18,국립제주박물관
268,학술조사 보고서(學術調査 報告書),2004,https://jeju.museum.go.kr/_prog/book/index.php?mng_no=17&mode=V&site_dvs_cd=kr&menu_dvs_cd=0603&GotoPage=7,https://jeju.museum.go.kr/Upl/kr/book/main_img17,국립제주박물관
269,이완희선생 기증유물특별전『 조선중기 역사의 진실-이익태 牧使가 남긴 기록-』,2005,https://jeju.museum.go.kr/_prog/book/index.php?mng_no=16&mode=V&site_dvs_cd=kr&menu_dvs_cd=0603&GotoPage=7,https://jeju.museum.go.kr/Upl/kr/book/main_img16,국립제주박물관
270,『유네스코 지정 한국의 세계유산』문화총서4,2005,https://jeju.museum.go.kr/_prog/book/index.php?mng_no=15&mode=V&site_dvs_cd=kr&menu_dvs_cd=0603&GotoPage=8,https://jeju.museum.go.kr/Upl/kr/book/main_img15,국립제주박물관
271,제주의 역사와 문화 -소도록,2005,https://jeju.museum.go.kr/_prog/book/index.php?mng_no=14&mode=V&site_dvs_cd=kr&menu_dvs_cd=0603&GotoPage=8,https://jeju.museum.go.kr/Upl/kr/book/main_img14,국립제주박물관
272,박물관 전시실 탐험 6권,2004,https://jeju.museum.go.kr/_prog/book/index.php?mng_no=13&mode=V&site_dvs_cd=kr&menu_dvs_cd=0603&GotoPage=8,https://jeju.museum.go.kr/Upl/kr/book/main_img13,국립제주박물관
273,조선시대의 중앙과 지방-문화총서3,2004,https://jeju.museum.go.kr/_prog/book/index.php?mng_no=12&mode=V&site_dvs_cd=kr&menu_dvs_cd=0603&GotoPage=8,https://jeju.museum.go.kr/Upl/kr/book/main_img12,국립제주박물관
274,『19세기말 제주의 계엄사령관 -찰리사 이규원』특별전,2004,https://jeju.museum.go.kr/_prog/book/index.php?mng_no=11&mode=V&site_dvs_cd=kr&menu_dvs_cd=0603&GotoPage=8,https://jeju.museum.go.kr/Upl/kr/book/main_img11,국립제주박물관
275,『구한말 한 지식인의 일생-심재 김석익』특별전,2004,https://jeju.museum.go.kr/_prog/book/index.php?mng_no=10&mode=V&site_dvs_cd=kr&menu_dvs_cd=0603&GotoPage=8,https://jeju.museum.go.kr/Upl/kr/book/main_img10,국립제주박물관
276,<동방에 온 젊은 선원 하멜의 꿈 350주년 > -욕망<DESIRE>특별전,2004,https://jeju.museum.go.kr/_prog/book/index.php?mng_no=9&mode=V&site_dvs_cd=kr&menu_dvs_cd=0603&GotoPage=8,https://jeju.museum.go.kr/Upl/kr/book/main_img9,국립제주박물관
277,한국문화와 제주-문화총서1,2003,https://jeju.museum.go.kr/_prog/book/index.php?mng_no=8&mode=V&site_dvs_cd=kr&menu_dvs_cd=0603&GotoPage=8,https://jeju.museum.go.kr/Upl/kr/book/main_img8,국립제주박물관
278,한국인의 사상과 예술-문화총서2,2003,https://jeju.museum.go.kr/_prog/book/index.php?mng_no=7&mode=V&site_dvs_cd=kr&menu_dvs_cd=0603&GotoPage=9,https://jeju.museum.go.kr/Upl/kr/book/main_img7,국립제주박물관
279,하멜제주도표착350주년기념 「항해와 표류의 역사 」특별전,2003,https://jeju.museum.go.kr/_prog/book/index.php?mng_no=6&mode=V&site_dvs_cd=kr&menu_dvs_cd=0603&GotoPage=9,https://jeju.museum.go.kr/Upl/kr/book/main_img6,국립제주박물관
280,고대의 말,2002,https://jeju.museum.go.kr/_prog/book/index.php?mng_no=5&mode=V&site_dvs_cd=kr&menu_dvs_cd=0603&GotoPage=9,https://jeju.museum.go.kr/Upl/kr/book/main_img5,국립제주박물관
281,추사 김정희와 제주,2002,https://jeju.museum.go.kr/_prog/book/index.php?mng_no=4&mode=V&site_dvs_cd=kr&menu_dvs_cd=0603&GotoPage=9,https://jeju.museum.go.kr/Upl/kr/book/main_img4,국립제주박물관
282,"제주의 삶, 제주의 아름다움",2002,https://jeju.museum.go.kr/_prog/book/index.php?mng_no=3&mode=V&site_dvs_cd=kr&menu_dvs_cd=0603&GotoPage=9,https://jeju.museum.go.kr/Upl/kr/book/main_img3,국립제주박물관
283,한국미술칠천년(韓國美術七千年),2001,https://jeju.museum.go.kr/_prog/book/index.php?mng_no=2&mode=V&site_dvs_cd=kr&menu_dvs_cd=0603&GotoPage=9,https://jeju.museum.go.kr/Upl/kr/book/main_img2,국립제주박물관
284,제주의 역사와 문화(濟州의 歷史와 文化),2001,https://jeju.museum.go.kr/_prog/book/index.php?mng_no=1&mode=V&site_dvs_cd=kr&menu_dvs_cd=0603&GotoPage=9,https://jeju.museum.go.kr/Upl/kr/book/main_img1,국립제주박물관
285,"조선도자, 히젠의 색을 입다",2019,https://jinju.museum.go.kr/kor/html/sub05/0501.html?mode=V&mng_no=154,https://jinju.museum.go.kr/_prog/download/?func_gbn_cd=book&atch=book_img&mng_no=154&site_dvs_cd=kor,국립진주박물관
286,"동아시아 7년 전쟁, 임진왜란",2019,https://jinju.museum.go.kr/kor/html/sub05/0501.html?mode=V&mng_no=153,https://jinju.museum.go.kr/_prog/download/?func_gbn_cd=book&atch=book_img&mng_no=153&site_dvs_cd=kor,국립진주박물관
287,쇄미록(?尾錄),2018,https://jinju.museum.go.kr/kor/html/sub05/0501.html?mode=V&mng_no=151,https://jinju.museum.go.kr/_prog/download/?func_gbn_cd=book&atch=book_img&mng_no=151&site_dvs_cd=kor,국립진주박물관
288,처음 읽는 정유재란 1597,2018,https://jinju.museum.go.kr/kor/html/sub05/0501.html?mode=V&mng_no=150,https://jinju.museum.go.kr/_prog/download/?func_gbn_cd=book&atch=book_img&mng_no=150&site_dvs_cd=kor,국립진주박물관
289,진주 상무사 ? 보부상에서 근대 시장상인으로,2017,https://jinju.museum.go.kr/kor/html/sub05/0501.html?mode=V&mng_no=149,https://jinju.museum.go.kr/_prog/download/?func_gbn_cd=book&atch=book_img&mng_no=149&site_dvs_cd=kor,국립진주박물관
290,정유재란 1597,2017,https://jinju.museum.go.kr/kor/html/sub05/0501.html?mode=V&mng_no=144,https://jinju.museum.go.kr/_prog/download/?func_gbn_cd=book&atch=book_img&mng_no=144&site_dvs_cd=kor,국립진주박물관
291,국제무역항 늑도와 하루노쓰지,2016,https://jinju.museum.go.kr/kor/html/sub05/0501.html?mode=V&mng_no=148,https://jinju.museum.go.kr/_prog/download/?func_gbn_cd=book&atch=book_img&mng_no=148&site_dvs_cd=kor,국립진주박물관
292,남명 조식과 내암 정인홍,2015,https://jinju.museum.go.kr/kor/html/sub05/0501.html?mode=V&mng_no=147,https://jinju.museum.go.kr/_prog/download/?func_gbn_cd=book&atch=book_img&mng_no=147&site_dvs_cd=kor,국립진주박물관
293,사천,2015,https://jinju.museum.go.kr/kor/html/sub05/0501.html?mode=V&mng_no=146,https://jinju.museum.go.kr/_prog/download/?func_gbn_cd=book&atch=book_img&mng_no=146&site_dvs_cd=kor,국립진주박물관
294,국립진주박물관 30주년의 기록,2014,https://jinju.museum.go.kr/kor/html/sub05/0501.html?mode=V&mng_no=143,https://jinju.museum.go.kr/_prog/download/?func_gbn_cd=book&atch=book_img&mng_no=143&site_dvs_cd=kor,국립진주박물관
295,국립박물관 명품전,2014,https://jinju.museum.go.kr/kor/html/sub05/0501.html?mode=V&mng_no=142,https://jinju.museum.go.kr/_prog/download/?func_gbn_cd=book&atch=book_img&mng_no=142&site_dvs_cd=kor,국립진주박물관
296,고성,2014,https://jinju.museum.go.kr/kor/html/sub05/0501.html?mode=V&mng_no=141,https://jinju.museum.go.kr/_prog/download/?func_gbn_cd=book&atch=book_img&mng_no=141&site_dvs_cd=kor,국립진주박물관
297,진주성도,2013,https://jinju.museum.go.kr/kor/html/sub05/0501.html?mode=V&mng_no=140,https://jinju.museum.go.kr/_prog/download/?func_gbn_cd=book&atch=book_img&mng_no=140&site_dvs_cd=kor,국립진주박물관
298,통영,2013,https://jinju.museum.go.kr/kor/html/sub05/0501.html?mode=V&mng_no=139,https://jinju.museum.go.kr/_prog/download/?func_gbn_cd=book&atch=book_img&mng_no=139&site_dvs_cd=kor,국립진주박물관
299,진주성전투,2012,https://jinju.museum.go.kr/kor/html/sub05/0501.html?mode=V&mng_no=137,https://jinju.museum.go.kr/_prog/download/?func_gbn_cd=book&atch=book_img&mng_no=137&site_dvs_cd=kor,국립진주박물관
300,JINJU NATIONAL MUSEUM,2012,https://jinju.museum.go.kr/kor/html/sub05/0501.html?mode=V&mng_no=138,https://jinju.museum.go.kr/_prog/download/?func_gbn_cd=book&atch=book_img&mng_no=138&site_dvs_cd=kor,국립진주박물관
301,국립진주박물관,2012,https://jinju.museum.go.kr/kor/html/sub05/0501.html?mode=V&mng_no=136,https://jinju.museum.go.kr/_prog/download/?func_gbn_cd=book&atch=book_img&mng_no=136&site_dvs_cd=kor,국립진주박물관
302,하동,2012,https://jinju.museum.go.kr/kor/html/sub05/0501.html?mode=V&mng_no=135,https://jinju.museum.go.kr/_prog/download/?func_gbn_cd=book&atch=book_img&mng_no=135&site_dvs_cd=kor,국립진주박물관
303,서부 경남의 성곽,2011,https://jinju.museum.go.kr/kor/html/sub05/0501.html?mode=V&mng_no=134,https://jinju.museum.go.kr/_prog/download/?func_gbn_cd=book&atch=book_img&mng_no=134&site_dvs_cd=kor,국립진주박물관
304,산청,2011,https://jinju.museum.go.kr/kor/html/sub05/0501.html?mode=V&mng_no=133,https://jinju.museum.go.kr/_prog/download/?func_gbn_cd=book&atch=book_img&mng_no=133&site_dvs_cd=kor,국립진주박물관
305,임진왜란 조선인 포로의 기억,2010,https://jinju.museum.go.kr/kor/html/sub05/0501.html?mode=V&mng_no=132,https://jinju.museum.go.kr/_prog/download/?func_gbn_cd=book&atch=book_img&mng_no=132&site_dvs_cd=kor,국립진주박물관
306,국립진주박물관,2010,https://jinju.museum.go.kr/kor/html/sub05/0501.html?mode=V&mng_no=127,https://jinju.museum.go.kr/_prog/download/?func_gbn_cd=book&atch=book_img&mng_no=127&site_dvs_cd=kor,국립진주박물관
307,진주의 명가,2010,https://jinju.museum.go.kr/kor/html/sub05/0501.html?mode=V&mng_no=131,https://jinju.museum.go.kr/_prog/download/?func_gbn_cd=book&atch=book_img&mng_no=131&site_dvs_cd=kor,국립진주박물관
308,경상남도 도요지 지표조사 보고서 I,2007,https://jinju.museum.go.kr/kor/html/sub05/0501.html?mode=V&mng_no=93,https://jinju.museum.go.kr/_prog/download/?func_gbn_cd=book&atch=book_img&mng_no=93&site_dvs_cd=kor,국립진주박물관
309,선무공신 김시민교서 ,2006,https://jinju.museum.go.kr/kor/html/sub05/0501.html?mode=V&mng_no=126,https://jinju.museum.go.kr/_prog/download/?func_gbn_cd=book&atch=book_img&mng_no=126&site_dvs_cd=kor,국립진주박물관
310,2005년도 연보 ,2006,https://jinju.museum.go.kr/kor/html/sub05/0501.html?mode=V&mng_no=125,https://jinju.museum.go.kr/_prog/download/?func_gbn_cd=book&atch=book_img&mng_no=125&site_dvs_cd=kor,국립진주박물관
311,2004년도 연보 ,2005,https://jinju.museum.go.kr/kor/html/sub05/0501.html?mode=V&mng_no=124,https://jinju.museum.go.kr/_prog/download/?func_gbn_cd=book&atch=book_img&mng_no=124&site_dvs_cd=kor,국립진주박물관
312,"조선, 지방사기의 흔적 ",2004,https://jinju.museum.go.kr/kor/html/sub05/0501.html?mode=V&mng_no=92,https://jinju.museum.go.kr/_prog/download/?func_gbn_cd=book&atch=book_img&mng_no=92&site_dvs_cd=kor,국립진주박물관
313,사진으로 보는 진주의 옛모습 ,2004,https://jinju.museum.go.kr/kor/html/sub05/0501.html?mode=V&mng_no=123,https://jinju.museum.go.kr/_prog/download/?func_gbn_cd=book&atch=book_img&mng_no=123&site_dvs_cd=kor,국립진주박물관
314,목활자로 보는 옛인쇄문화 ,2004,https://jinju.museum.go.kr/kor/html/sub05/0501.html?mode=V&mng_no=122,https://jinju.museum.go.kr/_prog/download/?func_gbn_cd=book&atch=book_img&mng_no=122&site_dvs_cd=kor,국립진주박물관
315,年報,2004,https://jinju.museum.go.kr/kor/html/sub05/0501.html?mode=V&mng_no=121,https://jinju.museum.go.kr/_prog/download/?func_gbn_cd=book&atch=book_img&mng_no=121&site_dvs_cd=kor,국립진주박물관
316,固城東外洞遺蹟,2003,https://jinju.museum.go.kr/kor/html/sub05/0501.html?mode=V&mng_no=118,https://jinju.museum.go.kr/_prog/download/?func_gbn_cd=book&atch=book_img&mng_no=118&site_dvs_cd=kor,국립진주박물관
317,#NAME?,2003,https://jinju.museum.go.kr/kor/html/sub05/0501.html?mode=V&mng_no=117,https://jinju.museum.go.kr/_prog/download/?func_gbn_cd=book&atch=book_img&mng_no=117&site_dvs_cd=kor,국립진주박물관
318,충무공 이순신 - 삶에서 신화까지 ,2003,https://jinju.museum.go.kr/kor/html/sub05/0501.html?mode=V&mng_no=116,https://jinju.museum.go.kr/_prog/download/?func_gbn_cd=book&atch=book_img&mng_no=116&site_dvs_cd=kor,국립진주박물관
319,年報(2002년),2003,https://jinju.museum.go.kr/kor/html/sub05/0501.html?mode=V&mng_no=115,https://jinju.museum.go.kr/_prog/download/?func_gbn_cd=book&atch=book_img&mng_no=115&site_dvs_cd=kor,국립진주박물관
320,청동기시대의 大坪 · 大坪人 ,2002,https://jinju.museum.go.kr/kor/html/sub05/0501.html?mode=V&mng_no=90,https://jinju.museum.go.kr/_prog/download/?func_gbn_cd=book&atch=book_img&mng_no=90&site_dvs_cd=kor,국립진주박물관
321,晉州成 矗石樓 外廓 試掘調査 報告書 ,2002,https://jinju.museum.go.kr/kor/html/sub05/0501.html?mode=V&mng_no=89,https://jinju.museum.go.kr/_prog/download/?func_gbn_cd=book&atch=book_img&mng_no=89&site_dvs_cd=kor,국립진주박물관
322,임진왜란 사료총서(대명외교),2001,https://jinju.museum.go.kr/kor/html/sub05/0501.html?mode=V&mng_no=145,https://jinju.museum.go.kr/_prog/download/?func_gbn_cd=book&atch=book_img&mng_no=145&site_dvs_cd=kor,국립진주박물관
323,진주 대평리 옥방1지구 유적 ,2001,https://jinju.museum.go.kr/kor/html/sub05/0501.html?mode=V&mng_no=88,https://jinju.museum.go.kr/_prog/download/?func_gbn_cd=book&atch=book_img&mng_no=88&site_dvs_cd=kor,국립진주박물관
324,임진왜란 사료총서(역사) ,2001,https://jinju.museum.go.kr/kor/html/sub05/0501.html?mode=V&mng_no=110,https://jinju.museum.go.kr/_prog/download/?func_gbn_cd=book&atch=book_img&mng_no=110&site_dvs_cd=kor,국립진주박물관
325,아름다운 우리 문화재,2001,https://jinju.museum.go.kr/kor/html/sub05/0501.html?mode=V&mng_no=109,https://jinju.museum.go.kr/_prog/download/?func_gbn_cd=book&atch=book_img&mng_no=109&site_dvs_cd=kor,국립진주박물관
326,두암 김용두 수집문화재 ,2001,https://jinju.museum.go.kr/kor/html/sub05/0501.html?mode=V&mng_no=108,https://jinju.museum.go.kr/_prog/download/?func_gbn_cd=book&atch=book_img&mng_no=108&site_dvs_cd=kor,국립진주박물관
327,임진왜란 사료총서(문학편),2000,https://jinju.museum.go.kr/kor/html/sub05/0501.html?mode=V&mng_no=107,https://jinju.museum.go.kr/_prog/download/?func_gbn_cd=book&atch=book_img&mng_no=107&site_dvs_cd=kor,국립진주박물관
328,새롭게 다시보는 임진왜란 ,1999,https://jinju.museum.go.kr/kor/html/sub05/0501.html?mode=V&mng_no=105,https://jinju.museum.go.kr/_prog/download/?func_gbn_cd=book&atch=book_img&mng_no=105&site_dvs_cd=kor,국립진주박물관
329,牧島貝塚 ,1999,https://jinju.museum.go.kr/kor/html/sub05/0501.html?mode=V&mng_no=104,https://jinju.museum.go.kr/_prog/download/?func_gbn_cd=book&atch=book_img&mng_no=104&site_dvs_cd=kor,국립진주박물관
330,晋州 枾木 遺蹟 ,1999,https://jinju.museum.go.kr/kor/html/sub05/0501.html?mode=V&mng_no=103,https://jinju.museum.go.kr/_prog/download/?func_gbn_cd=book&atch=book_img&mng_no=103&site_dvs_cd=kor,국립진주박물관
331,싸워 죽기는 쉬워도 길을 빌려주기는 어렵다,1999,https://jinju.museum.go.kr/kor/html/sub05/0501.html?mode=V&mng_no=102,https://jinju.museum.go.kr/_prog/download/?func_gbn_cd=book&atch=book_img&mng_no=102&site_dvs_cd=kor,국립진주박물관
332,晋州 宣化堂 ,1998,https://jinju.museum.go.kr/kor/html/sub05/0501.html?mode=V&mng_no=101,https://jinju.museum.go.kr/_prog/download/?func_gbn_cd=book&atch=book_img&mng_no=101&site_dvs_cd=kor,국립진주박물관
333,김용두옹 기증 문화재 ,1997,https://jinju.museum.go.kr/kor/html/sub05/0501.html?mode=V&mng_no=106,https://jinju.museum.go.kr/_prog/download/?func_gbn_cd=book&atch=book_img&mng_no=106&site_dvs_cd=kor,국립진주박물관
334,國立晋州博物館 壬辰倭亂 ,1997,https://jinju.museum.go.kr/kor/html/sub05/0501.html?mode=V&mng_no=100,https://jinju.museum.go.kr/_prog/download/?func_gbn_cd=book&atch=book_img&mng_no=100&site_dvs_cd=kor,국립진주박물관
335,昌寧 余草里 토기 가마터 (II),1995,https://jinju.museum.go.kr/kor/html/sub05/0501.html?mode=V&mng_no=99,https://jinju.museum.go.kr/_prog/download/?func_gbn_cd=book&atch=book_img&mng_no=99&site_dvs_cd=kor,국립진주박물관
336,煙臺島 I,1993,https://jinju.museum.go.kr/kor/html/sub05/0501.html?mode=V&mng_no=98,https://jinju.museum.go.kr/_prog/download/?func_gbn_cd=book&atch=book_img&mng_no=98&site_dvs_cd=kor,국립진주박물관
337,昌原 上谷里 기와 가마터 ,1992,https://jinju.museum.go.kr/kor/html/sub05/0501.html?mode=V&mng_no=82,https://jinju.museum.go.kr/_prog/download/?func_gbn_cd=book&atch=book_img&mng_no=82&site_dvs_cd=kor,국립진주박물관
338,창녕 여초리 토기 가마터(1),1992,https://jinju.museum.go.kr/kor/html/sub05/0501.html?mode=V&mng_no=97,https://jinju.museum.go.kr/_prog/download/?func_gbn_cd=book&atch=book_img&mng_no=97&site_dvs_cd=kor,국립진주박물관
339,昌寧 余草里 기와 가마터 ,1991,https://jinju.museum.go.kr/kor/html/sub05/0501.html?mode=V&mng_no=96,https://jinju.museum.go.kr/_prog/download/?func_gbn_cd=book&atch=book_img&mng_no=96&site_dvs_cd=kor,국립진주박물관
340,固城 栗垈里 2號墳 ,1990,https://jinju.museum.go.kr/kor/html/sub05/0501.html?mode=V&mng_no=130,https://jinju.museum.go.kr/_prog/download/?func_gbn_cd=book&atch=book_img&mng_no=130&site_dvs_cd=kor,국립진주박물관
341,欲知島,1989,https://jinju.museum.go.kr/kor/html/sub05/0501.html?mode=V&mng_no=129,https://jinju.museum.go.kr/_prog/download/?func_gbn_cd=book&atch=book_img&mng_no=129&site_dvs_cd=kor,국립진주박물관
342,陜川磻溪堤古墳群,1987,https://jinju.museum.go.kr/kor/html/sub05/0501.html?mode=V&mng_no=128,https://jinju.museum.go.kr/_prog/download/?func_gbn_cd=book&atch=book_img&mng_no=128&site_dvs_cd=kor,국립진주박물관
343,陜川竹竹里廢寺址,1986,https://jinju.museum.go.kr/kor/html/sub05/0501.html?mode=V&mng_no=95,https://jinju.museum.go.kr/_prog/download/?func_gbn_cd=book&atch=book_img&mng_no=95&site_dvs_cd=kor,국립진주박물관
344,國立晋州博物館 ,1984,https://jinju.museum.go.kr/kor/html/sub05/0501.html?mode=V&mng_no=94,https://jinju.museum.go.kr/_prog/download/?func_gbn_cd=book&atch=book_img&mng_no=94&site_dvs_cd=kor,국립진주박물관
345,[학술조사보고서]한국의 청동기 자료 집성 Ⅲ,2019,https://cheongju.museum.go.kr/www/selectBbsNttView.do?key=98&bbsNo=13&nttNo=6116&searchCtgry=&pageUnit=10&searchCnd=all&searchKrwd=&integrDeptCode=&pageIndex=1,https://cheongju.museum.go.kr/DATA/bbs/13/202006020454266080Dp67w.png,국립청주박물관
346,[학술조사보고서]한국의 청동기 자료 집성 Ⅱ,2019,https://cheongju.museum.go.kr/www/selectBbsNttView.do?key=98&bbsNo=13&nttNo=6115&searchCtgry=&pageUnit=10&searchCnd=all&searchKrwd=&integrDeptCode=&pageIndex=1,https://cheongju.museum.go.kr/DATA/bbs/13/202006020452504748kG8m0.png,국립청주박물관
347,[학술조사보고서]한국의 청동기 자료 집성 Ⅰ,2019,https://cheongju.museum.go.kr/www/selectBbsNttView.do?key=98&bbsNo=13&nttNo=6114&searchCtgry=&pageUnit=10&searchCnd=all&searchKrwd=&integrDeptCode=&pageIndex=1,https://cheongju.museum.go.kr/DATA/bbs/13/20200602045102290oC3jG7.png,국립청주박물관
348,[학술조사보고서] 충청북도와 야마나시현의 중세 불교 문화,2018,https://cheongju.museum.go.kr/www/selectBbsNttView.do?key=98&bbsNo=13&nttNo=5543&searchCtgry=&pageUnit=10&searchCnd=all&searchKrwd=&integrDeptCode=&pageIndex=1,https://cheongju.museum.go.kr/DATA/bbs/13/20190530055732498fPsvUl.jpg,국립청주박물관
349,[학술조사보고서] 청주 운천동,2018,https://cheongju.museum.go.kr/www/selectBbsNttView.do?key=98&bbsNo=13&nttNo=5542&searchCtgry=&pageUnit=10&searchCnd=all&searchKrwd=&integrDeptCode=&pageIndex=1,https://cheongju.museum.go.kr/DATA/bbs/13/20190530055903850IjdScm.jpg,국립청주박물관
350,[학술조사보고서] 청주 흥덕사,2017,https://cheongju.museum.go.kr/www/selectBbsNttView.do?key=98&bbsNo=13&nttNo=5541&searchCtgry=&pageUnit=10&searchCnd=all&searchKrwd=&integrDeptCode=&pageIndex=1,https://cheongju.museum.go.kr/DATA/bbs/13/20190530060023643Ci6A0D.jpg,국립청주박물관
351,[학술조사보고서] 청주 사뇌사 금속공예 Ⅲ,2015,https://cheongju.museum.go.kr/www/selectBbsNttView.do?key=98&bbsNo=13&nttNo=2856&searchCtgry=&pageUnit=10&searchCnd=all&searchKrwd=&integrDeptCode=&pageIndex=1,https://cheongju.museum.go.kr/DATA/bbs/13/20170622041612454Ym4HUW.jpg,국립청주박물관
352,[학술자료집] 백제 철 문화,2015,https://cheongju.museum.go.kr/www/selectBbsNttView.do?key=98&bbsNo=13&nttNo=2854&searchCtgry=&pageUnit=10&searchCnd=all&searchKrwd=&integrDeptCode=&pageIndex=1,https://cheongju.museum.go.kr/DATA/bbs/13/20170629091854776cuK2oy.jpg,국립청주박물관
353,[학술조사보고서] 청주 사뇌사 금속공예 Ⅱ,2014,https://cheongju.museum.go.kr/www/selectBbsNttView.do?key=98&bbsNo=13&nttNo=2855&searchCtgry=&pageUnit=10&searchCnd=all&searchKrwd=&integrDeptCode=&pageIndex=1,https://cheongju.museum.go.kr/DATA/bbs/13/2017062204142820424cYUK.jpg,국립청주박물관
354,[학술조사보고서] 청주 사뇌사 금속공예 Ⅰ,2014,https://cheongju.museum.go.kr/www/selectBbsNttView.do?key=98&bbsNo=13&nttNo=2850&searchCtgry=&pageUnit=10&searchCnd=all&searchKrwd=&integrDeptCode=&pageIndex=1,https://cheongju.museum.go.kr/DATA/bbs/13/20170622041220699TzHEfi.jpg,국립청주박물관
355,[목록집] 국립청주박물관 기증유물목록집,2012,https://cheongju.museum.go.kr/www/selectBbsNttView.do?key=98&bbsNo=13&nttNo=2843&searchCtgry=&pageUnit=10&searchCnd=all&searchKrwd=&integrDeptCode=&pageIndex=2,https://cheongju.museum.go.kr/DATA/bbs/13/201706220421498648PztpX.jpg,국립청주박물관
356,[학술연구서] 숙명신한첩淑明宸翰帖,2011,https://cheongju.museum.go.kr/www/selectBbsNttView.do?key=98&bbsNo=13&nttNo=2835&searchCtgry=&pageUnit=10&searchCnd=all&searchKrwd=&integrDeptCode=&pageIndex=2,https://cheongju.museum.go.kr/DATA/bbs/13/20170622042223272lSPRkp.jpg,국립청주박물관
357,[학술조사보고서?] 청주 와우산臥牛山,2010,https://cheongju.museum.go.kr/www/selectBbsNttView.do?key=98&bbsNo=13&nttNo=2832&searchCtgry=&pageUnit=10&searchCnd=all&searchKrwd=&integrDeptCode=&pageIndex=2,https://cheongju.museum.go.kr/DATA/bbs/13/20170622042411746fqtCIB.jpg,국립청주박물관
358,[보존처리 보고서] 청주 운천동 동종,2008,https://cheongju.museum.go.kr/www/selectBbsNttView.do?key=98&bbsNo=13&nttNo=4348&searchCtgry=&pageUnit=10&searchCnd=all&searchKrwd=&integrDeptCode=&pageIndex=2,https://cheongju.museum.go.kr/DATA/bbs/13/201706220425264193TLJHS.jpg,국립청주박물관
359,[목록집] 송인택 · 이광자 기증고서 옛 책(古書),2008,https://cheongju.museum.go.kr/www/selectBbsNttView.do?key=98&bbsNo=13&nttNo=2825&searchCtgry=&pageUnit=10&searchCnd=all&searchKrwd=&integrDeptCode=&pageIndex=2,https://cheongju.museum.go.kr/DATA/bbs/13/20170622042629414KpecAj.jpg,국립청주박물관
360,[학술조사보고서] 진천 석장리 철생산유적,2004,https://cheongju.museum.go.kr/www/selectBbsNttView.do?key=98&bbsNo=13&nttNo=2801&searchCtgry=&pageUnit=10&searchCnd=all&searchKrwd=&integrDeptCode=&pageIndex=2,https://cheongju.museum.go.kr/DATA/bbs/13/201706220427148656PqTmX.jpg,국립청주박물관
361,[발굴조사보고서] 청주 용담동 고분군,2002,https://cheongju.museum.go.kr/www/selectBbsNttView.do?key=98&bbsNo=13&nttNo=2791&searchCtgry=&pageUnit=10&searchCnd=all&searchKrwd=&integrDeptCode=&pageIndex=2,https://cheongju.museum.go.kr/DATA/bbs/13/20170622042802026LsgytJ.jpg,국립청주박물관
362,[발굴조사보고서] 진천 구산리 철생산유적,2001,https://cheongju.museum.go.kr/www/selectBbsNttView.do?key=98&bbsNo=13&nttNo=2789&searchCtgry=&pageUnit=10&searchCnd=all&searchKrwd=&integrDeptCode=&pageIndex=2,https://cheongju.museum.go.kr/DATA/bbs/13/20170622042829144Cmx1Xt.jpg,국립청주박물관
363,[발굴조사보고서] 청주 명암동유적(II),2001,https://cheongju.museum.go.kr/www/selectBbsNttView.do?key=98&bbsNo=13&nttNo=2787&searchCtgry=&pageUnit=10&searchCnd=all&searchKrwd=&integrDeptCode=&pageIndex=2,https://cheongju.museum.go.kr/DATA/bbs/13/20170623113445620uwFjlC.jpg,국립청주박물관
364,[발굴조사보고서] 청주 명암동유적(I),2000,https://cheongju.museum.go.kr/www/selectBbsNttView.do?key=98&bbsNo=13&nttNo=2783&searchCtgry=&pageUnit=10&searchCnd=all&searchKrwd=&integrDeptCode=&pageIndex=2,https://cheongju.museum.go.kr/DATA/bbs/13/2017062311350680287MIGH.jpg,국립청주박물관
365,[발굴조사보고서] 영동 유전리유적 수습조사보고서,1999,https://cheongju.museum.go.kr/www/selectBbsNttView.do?key=98&bbsNo=13&nttNo=4356&searchCtgry=&pageUnit=10&searchCnd=all&searchKrwd=&integrDeptCode=&pageIndex=3,https://cheongju.museum.go.kr/DATA/bbs/13/20170623113528378arK9ln.jpg,국립청주박물관
366,[조사보고서] 청원 황탄리유적 시굴조사 보고,1997,https://cheongju.museum.go.kr/www/selectBbsNttView.do?key=98&bbsNo=13&nttNo=4358&searchCtgry=&pageUnit=10&searchCnd=all&searchKrwd=&integrDeptCode=&pageIndex=3,https://cheongju.museum.go.kr/DATA/bbs/13/20170825111232922qiQLMn.jpg,국립청주박물관
367,[조사보고서] 영동 임산리 지역 시굴조사 보고,1997,https://cheongju.museum.go.kr/www/selectBbsNttView.do?key=98&bbsNo=13&nttNo=4357&searchCtgry=&pageUnit=10&searchCnd=all&searchKrwd=&integrDeptCode=&pageIndex=3,https://cheongju.museum.go.kr/DATA/bbs/13/20170825111528132HsXEkN.jpg,국립청주박물관
368,[발굴조사보고서] 한국 고대 철생산유적 발굴조사,1997,https://cheongju.museum.go.kr/www/selectBbsNttView.do?key=98&bbsNo=13&nttNo=2775&searchCtgry=&pageUnit=10&searchCnd=all&searchKrwd=&integrDeptCode=&pageIndex=3,https://cheongju.museum.go.kr/DATA/bbs/13/20170622043148756zYYhnl.jpg,국립청주박물관
369,[조사보고서] 청주 용암(2)지구 택지개발예정지 문화유적 ...,1995,https://cheongju.museum.go.kr/www/selectBbsNttView.do?key=98&bbsNo=13&nttNo=2772&searchCtgry=&pageUnit=10&searchCnd=all&searchKrwd=&integrDeptCode=&pageIndex=3,https://cheongju.museum.go.kr/DATA/bbs/13/20170622043249549Z6C9MR.jpg,국립청주박물관
370,[발굴조사보고서] 청주 신봉동 B지구 2차 발굴조사보고,1993,https://cheongju.museum.go.kr/www/selectBbsNttView.do?key=98&bbsNo=13&nttNo=4360&searchCtgry=&pageUnit=10&searchCnd=all&searchKrwd=&integrDeptCode=&pageIndex=3,https://cheongju.museum.go.kr/DATA/bbs/13/20170825111752568KBUB1d.jpg,국립청주박물관
371,[조사보고서] 청주 사직동출토 사뇌사명반자,1993,https://cheongju.museum.go.kr/www/selectBbsNttView.do?key=98&bbsNo=13&nttNo=4359&searchCtgry=&pageUnit=10&searchCnd=all&searchKrwd=&integrDeptCode=&pageIndex=3,https://cheongju.museum.go.kr/DATA/bbs/13/20170825112043045pPU1YG.jpg,국립청주박물관
372,[발굴조사보고서] 청원 쌍청리 주거지-부록 청주 비하동유...,1993,https://cheongju.museum.go.kr/www/selectBbsNttView.do?key=98&bbsNo=13&nttNo=2771&searchCtgry=&pageUnit=10&searchCnd=all&searchKrwd=&integrDeptCode=&pageIndex=3,https://cheongju.museum.go.kr/DATA/bbs/13/20170622043511949bEdasR.jpg,국립청주박물관
373,[조사보고서] 미호천 유역 지표조사 보고서,1993,https://cheongju.museum.go.kr/www/selectBbsNttView.do?key=98&bbsNo=13&nttNo=2770&searchCtgry=&pageUnit=10&searchCnd=all&searchKrwd=&integrDeptCode=&pageIndex=3,https://cheongju.museum.go.kr/DATA/bbs/13/20170825093316304n3bvbN.jpg,국립청주박물관
374,[조사보고서] 진천군 문화유적 지표조사보고서,1992,https://cheongju.museum.go.kr/www/selectBbsNttView.do?key=98&bbsNo=13&nttNo=2769&searchCtgry=&pageUnit=10&searchCnd=all&searchKrwd=&integrDeptCode=&pageIndex=3,https://cheongju.museum.go.kr/DATA/bbs/13/20170622043345472F2yVH2.jpg,국립청주박물관
375,[발굴조사보고서] 청주 신봉동 백제고분군 발굴조사보고서,1990,https://cheongju.museum.go.kr/www/selectBbsNttView.do?key=98&bbsNo=13&nttNo=4361&searchCtgry=&pageUnit=10&searchCnd=all&searchKrwd=&integrDeptCode=&pageIndex=4,https://cheongju.museum.go.kr/DATA/bbs/13/20170825113530300339dsf.jpg,국립청주박물관
376,새로 발굴된 강원의 보물,2020,https://chuncheon.museum.go.kr/html/kr/event/event_03_01.html?mod=view&linkid=070202&book_gubun=02&idx=14541,https://chuncheon.museum.go.kr/upload/book/image/book_0_20200331111808.jpg,국립춘천박물관
377,강원의 역사와 문화,2017,https://chuncheon.museum.go.kr/html/kr/event/event_03_01.html?mod=view&linkid=070202&book_gubun=02&idx=11562,https://chuncheon.museum.go.kr/upload/book/image/book_0_20180403180021.jpg,국립춘천박물관
378,"춘천 선사 고대문화, 예술로 꽃피우다",2016,https://chuncheon.museum.go.kr/html/kr/event/event_03_01.html?mod=view&linkid=070202&book_gubun=02&idx=9560,https://chuncheon.museum.go.kr/upload/book/image/book_0_20160720104851.jpg,국립춘천박물관
379,관동팔경 특별전Ⅲ 삼척죽서루,2015,https://chuncheon.museum.go.kr/html/kr/event/event_03_01.html?mod=view&linkid=070202&book_gubun=02&idx=8214,https://chuncheon.museum.go.kr/upload/book/image/book_0_20150812104856.jpg,국립춘천박물관
380,강원별곡,2014,https://chuncheon.museum.go.kr/html/kr/event/event_03_01.html?mod=view&linkid=070202&book_gubun=02&idx=7429,https://chuncheon.museum.go.kr/upload/book/image/book_0_20141118162856.jpg,국립춘천박물관
381,초상화로 보는 강원의 인물,2014,https://chuncheon.museum.go.kr/html/kr/event/event_03_01.html?mod=view&linkid=070202&book_gubun=02&idx=7128,https://chuncheon.museum.go.kr/upload/book/image/book_0_20140804162941.jpg,국립춘천박물관
382,흙에서 깨어난 강원의 신라 문화 ,2013,https://chuncheon.museum.go.kr/html/kr/event/event_03_01.html?mod=view&linkid=070202&book_gubun=02&idx=6333,https://chuncheon.museum.go.kr/upload/book/image/book_0_20140218130549.jpg,국립춘천박물관
383,"관동팔경 Ⅱ, 양양 낙산사 ",2013,https://chuncheon.museum.go.kr/html/kr/event/event_03_01.html?mod=view&linkid=070202&book_gubun=02&idx=4411,https://chuncheon.museum.go.kr/upload/book/image/book_0_20130624150512.jpg,국립춘천박물관
384,강원의 위대한 유산,2012,https://chuncheon.museum.go.kr/html/kr/event/event_03_01.html?mod=view&linkid=070202&book_gubun=02&idx=4410,https://chuncheon.museum.go.kr/upload/book/image/book_0_20130624145711.jpg,국립춘천박물관
385,"조선선비의 공간미학, 사랑방",2012,https://chuncheon.museum.go.kr/html/kr/event/event_03_01.html?mod=view&linkid=070202&book_gubun=02&idx=3632,https://chuncheon.museum.go.kr/upload/book/image/book_0_20120417153709.jpg,국립춘천박물관
386,관동팔경 제1경 경포대,2012,https://chuncheon.museum.go.kr/html/kr/event/event_03_01.html?mod=view&linkid=070202&book_gubun=02&idx=3624,https://chuncheon.museum.go.kr/upload/book/image/book_0_20120409134117.jpg,국립춘천박물관
387,관조 스님 사진특별전 부처님의 손,2011,https://chuncheon.museum.go.kr/html/kr/event/event_03_01.html?mod=view&linkid=070202&book_gubun=02&idx=2692,https://chuncheon.museum.go.kr/upload/book/image/book_0_20111011104832.jpg,국립춘천박물관
388,강원의 선사와 고대 문화,2009,https://chuncheon.museum.go.kr/html/kr/event/event_03_01.html?mod=view&linkid=070202&book_gubun=02&idx=81,https://chuncheon.museum.go.kr/upload/book/image/book_0_20100824153642.jpg,국립춘천박물관
389,"박민일 박사 기증 유물전, 근대의 시간과 공간",2009,https://chuncheon.museum.go.kr/html/kr/event/event_03_01.html?mod=view&linkid=070202&book_gubun=02&idx=80,https://chuncheon.museum.go.kr/upload/book/image/book_0_20100824153415.jpg,국립춘천박물관
390,"한국박물관 개관 100주년 기념 강원도 박물관·미술관 연합 특별전 100년 앞, 100년 뒤",2009,https://chuncheon.museum.go.kr/html/kr/event/event_03_01.html?mod=view&linkid=070202&book_gubun=02&idx=78,https://chuncheon.museum.go.kr/upload/book/image/book_0_20100824152730.jpg,국립춘천박물관
391,권력의 상징 冠 - 경주에서 강원까지,2008,https://chuncheon.museum.go.kr/html/kr/event/event_03_01.html?mod=view&linkid=070202&book_gubun=02&idx=76,https://chuncheon.museum.go.kr/upload/book/image/book_0_20100824152437.jpg,국립춘천박물관
392,기생 100년 - 엽서속의 기생 읽기,2008,https://chuncheon.museum.go.kr/html/kr/event/event_03_01.html?mod=view&linkid=070202&book_gubun=02&idx=75,https://chuncheon.museum.go.kr/upload/book/image/book_0_20100824152154.jpg,국립춘천박물관
393,실직국과 해오름의 고장 동해.삼척,2006,https://chuncheon.museum.go.kr/html/kr/event/event_03_01.html?mod=view&linkid=070202&book_gubun=02&idx=69,https://chuncheon.museum.go.kr/upload/book/image/book_0_20100824150753.jpg,국립춘천박물관
394,소나무와 한국인,2006,https://chuncheon.museum.go.kr/html/kr/event/event_03_01.html?mod=view&linkid=070202&book_gubun=02&idx=68,https://chuncheon.museum.go.kr/upload/book/image/book_0_20100824150518.jpg,국립춘천박물관
395,충절의 고장 영월,2005,https://chuncheon.museum.go.kr/html/kr/event/event_03_01.html?mod=view&linkid=070202&book_gubun=02&idx=63,https://chuncheon.museum.go.kr/upload/book/image/book_0_20100824144819.jpg,국립춘천박물관
396,석우 박민일박사 기증문화재 특별전,2006,https://chuncheon.museum.go.kr/html/kr/event/event_03_01.html?mod=view&linkid=070202&book_gubun=02&idx=61,https://chuncheon.museum.go.kr/upload/book/image/book_0_20100824143827.jpg,국립춘천박물관
397,20세기 강원 - 분단을 넘어 통일로,2005,https://chuncheon.museum.go.kr/html/kr/event/event_03_01.html?mod=view&linkid=070202&book_gubun=02&idx=56,https://chuncheon.museum.go.kr/upload/book/image/book_0_20100824141534.jpg,국립춘천박물관
398,알기쉬운 박물관 둘러보기,2004,https://chuncheon.museum.go.kr/html/kr/event/event_03_01.html?mod=view&linkid=070202&book_gubun=02&idx=51,https://chuncheon.museum.go.kr/upload/book/image/book_0_20100824134529.jpg,국립춘천박물관
399,근대 강원의 삶과 자취,2004,https://chuncheon.museum.go.kr/html/kr/event/event_03_01.html?mod=view&linkid=070202&book_gubun=02&idx=48,https://chuncheon.museum.go.kr/upload/book/image/book_0_20100824133906.jpg,국립춘천박물관
400,강원 고고학의 발자취,2004,https://chuncheon.museum.go.kr/html/kr/event/event_03_01.html?mod=view&linkid=070202&book_gubun=02&idx=47,https://chuncheon.museum.go.kr/upload/book/image/book_0_20100824132905.jpg,국립춘천박물관
401,조선시대 궁중장식화 특별전 - 태평성대를 꿈꾸며,2004,https://chuncheon.museum.go.kr/html/kr/event/event_03_01.html?mod=view&linkid=070202&book_gubun=02&idx=46,https://chuncheon.museum.go.kr/upload/book/image/book_0_20100824132658.jpg,국립춘천박물관
402,"구도와 깨달음의 성자, 나한",2003,https://chuncheon.museum.go.kr/html/kr/event/event_03_01.html?mod=view&linkid=070202&book_gubun=02&idx=43,https://chuncheon.museum.go.kr/upload/book/image/book_0_20100824115524.jpg,국립춘천박물관
403,"우리 땅, 우리의 전경",2003,https://chuncheon.museum.go.kr/html/kr/event/event_03_01.html?mod=view&linkid=070202&book_gubun=02&idx=42,https://chuncheon.museum.go.kr/upload/book/image/book_0_20100824114504.jpg,국립춘천박물관
404,국립춘천박물관,2003,https://chuncheon.museum.go.kr/html/kr/event/event_03_01.html?mod=view&linkid=070202&book_gubun=02&idx=41,https://chuncheon.museum.go.kr/upload/book/image/book_0_20100824114333.jpg,국립춘천박물관
405,2018 국립춘천박물관 전시 개편 결과보고서,2019,https://chuncheon.museum.go.kr/html/kr/event/event_03_02.html?mod=view&linkid=070204&book_gubun=04&idx=14000,https://chuncheon.museum.go.kr/upload/book/image/book_0_20190627145349.jpg,국립춘천박물관
406,창령사 터 오백나한-당신의 마음을 닮은 얼굴,2018,https://chuncheon.museum.go.kr/html/kr/event/event_03_02.html?mod=view&linkid=070204&book_gubun=04&idx=13641,https://chuncheon.museum.go.kr/upload/book/image/book_0_20190318171007.jpg,국립춘천박물관
407,국립춘천박물관 전시보고서,2017,https://chuncheon.museum.go.kr/html/kr/event/event_03_02.html?mod=view&linkid=070204&book_gubun=04&idx=10446,https://chuncheon.museum.go.kr/upload/book/image/book_0_20170320104858.jpg,국립춘천박물관
408,강원 발굴조사 성과 보고서,2008,https://chuncheon.museum.go.kr/html/kr/event/event_03_02.html?mod=view&linkid=070204&book_gubun=04&idx=10445,https://chuncheon.museum.go.kr/upload/book/image/book_0_20180326103802.jpg,국립춘천박물관
409,선림원종 · 염거화상탑지,2014,https://chuncheon.museum.go.kr/html/kr/event/event_03_02.html?mod=view&linkid=070204&book_gubun=04&idx=8216,https://chuncheon.museum.go.kr/upload/book/image/book_0_20150812110244.jpg,국립춘천박물관
410,문화재 지표조사 보고서,2008,https://chuncheon.museum.go.kr/html/kr/event/event_03_02.html?mod=view&linkid=070204&book_gubun=04&idx=4540,https://chuncheon.museum.go.kr/upload/book/image/book_0_20130806163607.jpg,국립춘천박물관
411,"영월 공기2굴, 꽃병굴 동굴유적",2013,https://chuncheon.museum.go.kr/html/kr/event/event_03_02.html?mod=view&linkid=070204&book_gubun=04&idx=4539,https://chuncheon.museum.go.kr/upload/book/image/book_0_20130806162445.jpg,국립춘천박물관
412,양구 해안 만대리 선사유적,2013,https://chuncheon.museum.go.kr/html/kr/event/event_03_02.html?mod=view&linkid=070204&book_gubun=04&idx=4538,https://chuncheon.museum.go.kr/upload/book/image/book_0_20130806161018.jpg,국립춘천박물관
413,양구 칠전리 백자가마터 유적발굴조사보고서,2013,https://chuncheon.museum.go.kr/html/kr/event/event_03_02.html?mod=view&linkid=070204&book_gubun=04&idx=4409,https://chuncheon.museum.go.kr/upload/book/image/book_0_20130624114559.jpg,국립춘천박물관
414,홍천물걸리사지 조사보고서,2007,https://chuncheon.museum.go.kr/html/kr/event/event_03_02.html?mod=view&linkid=070204&book_gubun=04&idx=2696,https://chuncheon.museum.go.kr/upload/book/image/book_0_20180326101911.jpg,국립춘천박물관
